"RegionName","City","State","Metro","CountyName","SizeRank","2011-02","2011-03","2011-04","2011-05","2011-06","2011-07","2011-08","2011-09","2011-10","2011-11","2011-12","2012-01","2012-02","2012-03","2012-04","2012-05","2012-06","2012-07","2012-08","2012-09","2012-10","2012-11","2012-12","2013-01","2013-02","2013-03","2013-04","2013-05","2013-06","2013-07","2013-08","2013-09","2013-10","2013-11","2013-12","2014-01","2014-02","2014-03","2014-04","2014-05","2014-06","2014-07","2014-08","2014-09","2014-10","2014-11","2014-12","2015-01","2015-02","2015-03","2015-04","2015-05","2015-06","2015-07","2015-08","2015-09","2015-10","2015-11","2015-12","2016-01","2016-02","2016-03","2016-04","2016-05","2016-06","2016-07","2016-08","2016-09","2016-10","2016-11","2016-12","2017-01","2017-02","2017-03","2017-04","2017-05","2017-06","2017-07","2017-08","2017-09","2017-10","2017-11"
"60657","Chicago","IL","Chicago","Cook",1,,,,,,,,,,,,,,,,,,,,,,,,,,,,,,,,,,,,,,,,,,,,,1.75,1.75,1.71261755485893,1.75757575757576,1.77980668756531,1.61875,1.8,1.83125,1.88535353535354,1.86,1.8,1.7077380952381,1.695,1.65960144927536,1.7,1.70714285714286,1.75916666666667,1.8,1.80555555555556,1.88181818181818,1.95454545454545,1.93333333333333,1.87096774193548,1.80032733224223,1.81926573426573,1.79,1.82153846153846,1.864375,1.89520624303233,1.99375,1.99,1.96984848484848,1.99,1.96825396825397,1.88571428571429,1.84375,1.79,1.79
"60614","Chicago","IL","Chicago","Cook",2,,,,,,,,,,,,,,,,,,,,,,,,,,,,,,,,,,,,,,,,,,,,,,,,,,,,2.06781609195402,2.1,2.07407407407407,2.04615384615385,2.03571428571429,1.9872813990461,2.32738095238095,2.33568413625786,2.2,2.35761589403974,2.11111111111111,2.09761904761905,2.1263775971093,2.14285714285714,2.2,2.14423916205994,2.07865168539326,2.07591120855029,1.99833333333333,2.0625,2.07865168539326,2.14485981308411,2.14285714285714,2.13333333333333,2.11764705882353,2.125,2.11651583710407,2.08333333333333,2.125,2.07547169811321,2.10240912933221
"94109","San Francisco","CA","San Francisco","San Francisco",3,,,,,,,,,,,,,,,,,,,,,,,,,,,,,,,,,,4.51879521750552,4.66666666666667,4.46969696969697,4.44074074074074,4.44444444444444,4.54632447887844,4.58762886597938,4.62189466221605,4.5644978862271,4.37062937062937,4.44388014220416,4.44444444444444,4.51815820071216,4.58793208004851,4.79807692307692,4.58823529411765,4.58548109965636,4.82456140350877,4.89788823074942,4.95750708215297,4.84685230024213,4.95750708215297,4.95750708215297,4.91468948107503,4.4975,4.63542096219931,4.99107142857143,4.91468948107503,4.69177570093458,4.77564102564103,4.82638888888889,4.73626373626374,4.66,4.36363636363636,4.36151079136691,4.44444444444444,4.53333333333333,4.4441622933243,4.5,4.66520833333333,4.77547619047619,4.75512170385396,4.55,4.83822115384615,4.60317930489731,4.63208762886598,4.63537710255019,4.67213114754098,4.86470581683306
"11375","New York","NY","New York","Queens",4,,,,,,,,,,,,,,,,,,,,,,,,,,,,,,,,,,,,,,,,,,,,,,,2.40909090909091,2.395,2.36363636363636,2.4375,2.43561164333088,2.41788321167883,2.44444444444444,2.45454545454545,2.38888888888889,2.3448275862069,2.33333333333333,2.28571428571429,2.37761727837772,2.29431909750201,2.33333333333333,2.29705882352941,2.34313725490196,2.35714285714286,2.34313725490196,2.33333333333333,2.371875,2.375,2.38266666666667,2.43055555555556,2.42928571428571,2.375,2.4,2.43303571428571,2.45833333333333,2.41246212121212,2.44444444444444,2.45161290322581,2.46925625920471,2.46875,2.42424242424242,2.46666666666667
"60618","Chicago","IL","Chicago","Cook",5,,,,,,,,1.24117647058824,1.17692307692308,1.20535714285714,1.25598086124402,1.25,1.2,1.195,1.16903409090909,1.15504807692308,1.2,1.32352941176471,1.26785714285714,1.28571428571429,1.31447368421053,1.31315789473684,1.26712962962963,1.24375,1.325,1.109375,1.22222222222222,1.26090909090909,1.29223684210526,1.30769230769231,1.3,1.32647228637413,1.28392857142857,1.28392857142857,1.3,1.29,1.3,1.3,1.31742424242424,1.5,1.38888888888889,1.42857142857143,1.44646464646465,1.34285714285714,1.325,1.25,1.25394736842105,1.33333333333333,1.35714285714286,1.2,1.38888888888889,1.4,1.39565217391304,1.43650793650794,1.44,1.4,1.40208333333333,1.4,1.4,1.40625,1.4038257007007,1.46184210526316,1.476,1.44,1.46153846153846,1.55277777777778,1.52296181630547,1.5,1.472375,1.41666666666667,1.45,1.46333333333333,1.476,1.5,1.5,1.5,1.475,1.49375,1.45227272727273,1.44963768115942,1.41722222222222,1.40535714285714
"10029","New York","NY","New York","New York",6,,,,,,,,,,,,,,,,,,,,,,,,,,,,,,,,,,,,,,,,,,,,,,,,,,,,,,,,,,,,,,,5.28165217977225,5.21246358718269,5.28165217977225,5.17567427102139,5.38000738616615,5.49019607843137,5.52558782849239,5.49019607843137,5.52558782849239,5.1698670605613,5.15463917525773,5.02599653379549,5.02599653379549,4.625,4.57559681697613,4.59823254455156,4.92124061178714,4.89417989417989,4.8,5.15463917525773
"11201","New York","NY","New York","Kings",7,,,,,,,,,,,,,,,,,,,,,,,,,,,,,,,,,,,,,,,,,,,,,,,,,,,,,,,,,,,,,,,,,,,,,,,4.64324324324324,4.54598709531356,4.55037919826652,4.60928381184155,4.66806575725778,4.71605691056911,4.58812260536398,4.60365853658537,4.46662561576355,4.43833499916708,4.59259259259259,4.45560128745585
"90046","Los Angeles","CA","Los Angeles-Long Beach-Anaheim","Los Angeles",8,,,,,,,,,,,,,,,,,,,,,,,,,,,,,,,,,,,,,,,,,,,,,,,,,,,,,,,,,,,,,,,,2.26159065209197,2.38566087148582,2.45032258064516,2.08636363636364,2.275,2.53902640264026,2.64410746239889,2.45326923076923,2.52941176470588,2.58235294117647,2.46659815005139,2.595,2.6871869216533,2.66,2.73916666666667,2.89826201641266,2.81807796164232,2.68969126111983,2.66758241758242
"20009","Washington","DC","Washington","District of Columbia",9,,,,,,,,,,,,,,,,,,,,,,,,,,,,,,,,3.61111111111111,3.36666666666667,3.42857142857143,3.40714285714286,3.42142857142857,3.42142857142857,3.5,3.56428571428571,3.77777777777778,4.07142857142857,4.02439024390244,3.95612244897959,3.97745098039216,4.23529411764706,4.14162895927602,4.2,4.1656862745098,4.16666666666667,4.16333333333333,4.17178542178542,4.17705735660848,4.24615384615385,4.36882497470733,4.29544677013031,4.35335497835498,4.28842676311031,4.47692307692308,4.40361990950226,4.42241586538462,4.47692307692308,4.61,4.77104825291181,4.85764705882353,4.61818181818182,4.53846153846154,4.54916666666667,4.47692307692308,4.47692307692308,4.74209650582363,4.47692307692308,4.43076923076923,4.29579831932773,4.08834586466165,4.18865546218487,4.05238095238095,3.94557823129252,3.96666666666667,4.23177083333333,4.12081339712919,4.01904761904762,3.96666666666667
"60613","Chicago","IL","Chicago","Cook",10,,,,,,,,,,,,,,,,,,,,,,,,,,,,,,,,,,,,,,,,,,,,,,,1.65771715721464,1.65,1.65,1.5,1.58823529411765,1.63636363636364,1.69375,1.69795321637427,1.68798076923077,1.63157894736842,1.63571428571429,1.64375,1.65454545454545,1.72727272727273,1.77272727272727,1.699609375,1.7,1.72727272727273,1.78746980676329,1.78169642857143,1.74600087412587,1.69375,1.66333333333333,1.6875,1.68125,1.7037037037037,1.89087301587302,1.88888888888889,1.82777777777778,1.871875,1.82068965517241,1.82777777777778,1.72272727272727,1.67857142857143,1.6475,1.63894946725653
"11209","New York","NY","New York","Kings",11,,,,,,,,,,,,,,,,,,,,,,,,,,,,,,,,,,,,,,,,,,,,,,,,,,,1.93333333333333,1.96428571428571,2,2.11764705882353,2.15189873417722,2.07746478873239,1.975,1.99928571428571,2.0625,2.06206896551724,2.0588122605364,2.1505376344086,2.06666666666667,2.14285714285714,2.225,2.07317073170732,2.2,2.0625,2.04347826086957,2.14309900032248,2.05263157894737,2.16910966340934,2.3617389922111,2.33333333333333,2.32352941176471,2.33088235294118,2.30769230769231,2.27272727272727,2.26666666666667,2.3125,2.26600224592925,2.20689655172414
"60625","Chicago","IL","Chicago","Cook",12,,,,,,,,,,,,,,,,,,,,,,,,,,,,,,,,,,,,,,,,,,,,,,,,,,,,,,1.3921188630491,1.41666666666667,1.4,1.37171052631579,1.36637458926616,1.42053571428571,1.45,1.42857142857143,1.5,1.52229508196721,1.52173913043478,1.50136612021858,1.56137048192771,1.66666666666667,1.61411411411411,1.425,1.43333333333333,1.41741071428571,1.46511627906977,1.56517094017094,1.54595588235294,1.58150879917184,1.62615503080082,1.65833333333333,1.73188405797101,1.684375,1.69444444444444,1.6504854368932,1.56315789473684
"07030","Hoboken","NJ","New York","Hudson",13,,,,,,,,,,,,,,,,,,,,,,,,2.9,2.79166666666667,2.75,2.76134122287968,2.85256088165344,2.88564356435644,2.9,3,2.91229133010232,2.9,2.90322580645161,2.88562091503268,2.875,2.83333333333333,2.83136319876019,2.82957028404953,2.82575757575758,2.88567493112948,2.99717247879359,3.01969361216172,3.01034807149577,3.01296111665005,3,2.87637698898409,2.85008976660682,2.93333333333333,2.860810298505,2.80612244897959,2.8125,2.77415009940358,3.00870942201108,2.8695652173913,2.8030612244898,2.8030612244898,2.85565939771547,2.90277777777778,2.84032969885774,3.13176406926407,3.01772060823871,2.9792899408284,2.92854597291518,2.90705913226032,2.83089092334753,3,2.85,2.8,2.9,2.8,2.85565939771547,3,3.20833333333333,3.18595578673602,3.125,3.125,3.08056872037915,3.12195419103314,3.10642404190791,3.05772058823529,3
"33160","Sunny Isles Beach","FL","Miami-Fort Lauderdale","Miami-Dade",14,,,,,,,,,,,,,,,,,,,,,,,,,,,,,,,,,,,,,,,,,,,,,,,,,,,,,1.90140845070423,1.95833333333333,2,1.97706989772653,2.06538461538462,1.95822788046118,1.96078431372549,2,1.97132616487455,1.94444444444444,1.92990514972439,2.12086658287455,1.88978240302744,1.96022727272727,1.97988686360779,1.95822788046118,2.07416719044626,2.06587042177845,1.94846008799497,1.94846008799497,2.16097530241935,2.46350364963504,2.35407670791785,2.25314398057036,2.21531288391632,2.29885057471264,2.23384900840984,2.26190476190476,2.24054368215198,2.30648944487881
"78704","Austin","TX","Austin","Travis",15,,,,,,,,,,,,,,,,,,,,,,,,,,,,,,,1.70311692339502,1.69991667956692,1.67560321715818,1.65684830633284,1.6,1.575,1.57133687878232,1.58720930232558,1.58527131782946,1.52208931419458,1.395,1.41807348560079,1.42481203007519,1.39232288828338,1.4484962406015,1.60045317220544,1.47813698724816,1.54324065196548,1.54774436090226,1.5620613324695,1.75365113865139,1.58794162826421,1.59090909090909,1.57074036743483,1.51356132075472,1.43633276740238,1.42105263157895,1.47272256132673,1.45921052631579,1.5952380952381,1.5952380952381,1.49736842105263,1.45536437246964,1.46842105263158,1.58270385275102,1.45,1.52173913043478,1.50569490131579,1.56428571428571,1.48769652364164,1.43888888888889,1.49539877300613,1.52223731115261,1.60869565217391,1.69230769230769,1.73863636363636,1.62704309063893,1.58522727272727,1.57246543778802,1.5952380952381,1.61042944785276,1.5625
"10019","New York","NY","New York","New York",16,,,,,,,,,,,,,,,,,,,,,,,,,,,,,,,,,,,,,,,,,,5.39614243323442,5.38669064748201,5.34859130282614,5.3046875,5.368,5.33591913493183,5.34184138559708,5.43243243243243,5.43856425913624,5.40335157318741,5.40082079343365,5.41517705141301,5.40082079343365,5.35146443514644,5.3446455505279,5.31696428571429,5.26349614395887,5.31350806451613,5.28428571428571,5.32438565927013,5.45494476241182,5.46546546546547,5.35930009295831,5.40082079343365,5.32071428571429,5.30873493975904,5.27613439451944,5.32374100719424,5.2415210688592,5.16924564796905,5.32734274711168,5.28846153846154,5.3125,5.2772832006703,5.40041039671683,5.44444444444444,5.44545454545455,5.38462075848303,5.32438565927013,5.35367445441911,5.21235521235521
"33139","Miami Beach","FL","Miami-Fort Lauderdale","Miami-Dade",17,,,,,,,,,,,,,,,,,,,,,,2.16375824643541,2.17846455051663,2.14285714285714,2.3780487804878,2.49186871673566,2.5,2.6,2.45454545454545,2.85714285714286,2.87059644227415,2.71142238043647,2.63060428849903,2.6541095890411,2.65486725663717,2.63812576312576,2.65570687310037,2.63888888888889,2.66312056737589,2.73573923166473,2.65957446808511,2.73634558093347,2.75162925416365,2.74862637362637,2.70215780296425,2.73654916512059,2.80056022408964,2.78688524590164,2.75229357798165,2.82752120640905,2.77777777777778,2.66666666666667,2.69230769230769,2.76037955427396,2.77777777777778,2.76722408026756,2.83421514865907,2.80112044817927,2.79314572304263,2.9,2.85714285714286,2.85846072746442,2.80528052805281,2.79344262295082,2.9792899408284,2.93814432989691,2.82701596382831,2.82701596382831,3.08219178082192,3.02129052218387,2.86474164133739,2.85,2.87492381839498,2.93281388642413,2.93255131964809,3,2.92037456603579,2.94774511681348,2.91545189504373,2.99925037481259,3.03539619815904,3.03941251056636
"11377","New York","NY","New York","Queens",18,,,,,,,,,,,,,,,,,,,,,,,,,,,,,,,,,,,,,,,,,,,,,,,,,,,,,,,,,,,,,,,,,2.37254901960784,2.35357142857143,2.47579767947788,2.4,2.32142857142857,2.35357142857143,2.25641025641026,2.5,2.53478260869565,2.48062015503876,2.5,2.5,2.5,2.42142857142857,2.45714285714286,2.40519159456119,2.4065138721351,2.53846153846154
"60610","Chicago","IL","Chicago","Cook",19,,1.99952380952381,2.0231593038822,2.04022988505747,2.06882239382239,2.11494252873563,2.10833333333333,2.12987012987013,2.11622474747475,2.07647058823529,2.07647058823529,2.10238095238095,2.11764705882353,2.12844036697248,2.09861111111111,2.3,2.30588235294118,2.31365546218487,2.39166666666667,2.35909090909091,2.33943427620632,2.33943427620632,2.31331168831169,2.41098169717138,2.40304487179487,2.3375742809603,2.39375,2.38068965517241,2.41379310344828,2.34666666666667,2.31136111111111,2.28380952380952,2.21857142857143,2.19108280254777,2.2757881773399,2.2757881773399,2.29809523809524,2.30125523012552,2.3125,2.32468619246862,2.35013623978202,2.43506493506493,2.32739565261761,2.32855732878316,2.33875338753388,2.3543956043956,2.3546511627907,2.26993006993007,2.44435146443515,2.26527777777778,2.30875896057348,2.36488340192044,2.36277173913043,2.37671232876712,2.32773938795656,2.30867977377832,2.29339862304327,2.3255230125523,2.28169014084507,2.28451849143693,2.46788194444444,2.36146825396825,2.27586206896552,2.39,2.39142857142857,2.50418994413408,2.32526150627615,2.27364532019704,2.34190476190476,2.25285714285714,2.27586206896552,2.3489932885906,2.57142857142857,2.54545454545455,2.675,2.42261904761905,2.35,2.47619047619048,2.47857142857143,2.38909523809524,2.42609126984127,2.42361111111111
"33025","Miramar","FL","Miami-Fort Lauderdale","Broward",20,,,,,,,,,,,,1.23496406626295,1.22511485451761,1.20852401566687,1.22511485451761,1.22511485451761,1.19175107947728,1.22235157159488,1.2,1.20296846011132,1.158459142104,1.1759170347609,1.20814375226491,1.18110236220472,1.21875,1.25588697017268,1.21581736968172,1.23961576342529,1.18922830485611,1.22727272727273,1.22727272727273,1.22366853836992,1.23281425364759,1.23031496062992,1.22895622895623,1.25477440046651,1.26262626262626,1.2636899747262,1.26289207868155,1.24770833333333,1.21822033898305,1.23031496062992,1.26156433978133,1.27811860940695,1.27952755905512,1.31699921752739,1.31972222222222,1.28893662728249,1.29068462401796,1.30427885891166,1.31199739603278,1.325,1.27952755905512,1.27621493855931,1.27952755905512,1.26583089781059,1.28504672897196,1.37895666871543,1.35864093959732,1.34228187919463,1.375,1.39751552795031,1.35514705882353,1.38888888888889,1.36468855218855,1.38888888888889,1.33996937212864,1.31904369332234,1.35149149310285,1.39138689048761,1.35004821600771,1.40243902439024,1.41193468068983,1.3986013986014,1.38488137766786,1.43306379155436,1.45416666666667,1.46518049568966,1.40901148734549,1.31578947368421,1.39953051643192,1.3986013986014
"11355","New York","NY","New York","Queens",21,,,,,,,,,,,,,,,,,,,,,,,,,,,,,,,,,,,,,,,,,,,,,,,,2.17534702305839,2.2216796875,2.03422930249723,1.86507936507937,1.95257442138098,1.98275862068966,2.21759259259259,2.25631768953069,2.325,2.3014440433213,2.13986440883618,2.225,2.16947286160841,2.27272727272727,2.34069981583794,2.16503267973856,2.06502636203866,2.06512187667151,2.11976682564918,2.03955500618047,2.14460784313725,2.16451742897441,1.96319018404908,2.06540447504303,2.27777777777778,2.14945652173913,2.35714285714286,2.42307692307692,2.375,2.41038732394366,2.4,2.5,2.5,2.5,2.42481203007519
"11215","New York","NY","New York","Kings",22,,,,,,,,,,,,,,,,,,,,,,,,,,,,,,,,,,,,,,,,,,,,,,,,,,,,,3.18181818181818,3.15263157894737,3.13636363636364,3.15940713853599,3.15717422630893,3.14285714285714,3.09838709677419,3.26794871794872,3.28282828282828,3.24915824915825,3.19444444444444,3.1875,3.22777101096224,3.27272727272727,3.18181818181818,3.29411764705882,3.23076923076923,3.17289420305327,3.0734126984127,3.21825396825397,3.25938215102975,3.32588235294118,3.33333333333333,3.375,3.375,3.33333333333333,3.3125,3.33266666666667,3.3,3.22902097902098
"60611","Chicago","IL","Chicago","Cook",23,,,2.16293161488891,2.17738061657928,2.27245250431779,2.31692573402418,2.27792207792208,2.33434959349594,2.33266666666667,2.33941093969144,2.33173076923077,2.32469512195122,2.29807692307692,2.32926829268293,2.57839721254355,2.61274265803883,2.51829268292683,2.49273255813953,2.4831864483382,2.53684210526316,2.47596153846154,2.44014732965009,2.426597582038,2.45578231292517,2.45896358543417,2.40254237288136,2.5,2.54834419817471,2.59259259259259,2.58653846153846,2.54960168697282,2.49769265232975,2.4875,2.41783026755853,2.46196660482375,2.48475609756098,2.50407830342577,2.54192978533095,2.59369299794057,2.73,2.6922619047619,2.73,2.65727572278912,2.61224489795918,2.55865272938444,2.57801418439716,2.5472666452825,2.59157894736842,2.81184103811841,2.76365460382314,2.77968923418424,2.75833333333333,2.7906976744186,2.76995252008766,2.71375921375921,2.72147239263804,2.71875,2.76923076923077,2.63470430107527,2.62641105349916,2.63660017346054,2.70736728060672,2.72863636363636,2.73,2.775,2.76428571428571,2.74301675977654,2.69285714285714,2.73957044673539,2.69032258064516,2.67164179104478,2.69099462365591,2.72846575996182,2.88764190494135,2.93518518518519,2.81580414012739,2.77,2.78689468466407,2.92517985611511,2.69444444444444,2.61877692904079,2.61319534282018
"33009","Hallandale","FL","Miami-Fort Lauderdale","Broward",24,,,,,,,,,,,,,,,,,,1,1.07456470470169,1.10714285714286,1.02777777777778,1.11916835699797,1.1304347826087,1.02796628814162,1.05405405405405,1.12,1.12556221889055,1.19868637110016,1.14334239130435,1.18778195488722,1.25,1.30952380952381,1.29095421952565,1.29411764705882,1.27932351336607,1.26086956521739,1.25261506276151,1.25,1.25,1.3,1.28571428571429,1.33943572066896,1.31666666666667,1.44704433497537,1.4,1.33333333333333,1.33601429848079,1.37231503579952,1.43617021276596,1.4760965230427,1.33333333333333,1.28834355828221,1.21525096525097,1.39202079846259,1.47058823529412,1.33467381590706,1.24038461538462,1.44444444444444,1.5,1.53677462887989,1.40434657278629,1.40291806958474,1.29147393702188,1.40291806958474,1.37856079404466,1.36842105263158,1.38297872340426,1.38297872340426,1.53846153846154,1.49606299212598,1.52941176470588,1.53288446526151,1.46131167828011,1.53846153846154,1.51515151515152,1.60209722709723,1.6328125,1.59722222222222,1.68350168350168,1.75,1.88418530351438,1.93222281767298
"11211","New York","NY","New York","Kings",25,,,,,,,,,,,,,,,,,,,,,,,,,,,,,,,,,,,,,,,,,,,,,,,,,,,,,,,,,,,,,,,,,,,,,,,3.86666666666667,3.74729166666667,3.8,3.88636363636364,3.88194444444444,4,3.9975,3.90523968784838,3.84615384615385,3.699,3.63902370729886,3.54181803822461
"11238","New York","NY","New York","Kings",26,,,,,,,,,,,,,,,,,,,,,,,,,,,,,,,,,,,,,,,,,,,,,,,,,,,,,,,,,,,,,,,,,,3.25,3.13881578947368,3.16455108359133,3.125,3.11111111111111,3.21428571428571,3.27692307692308,3.28991596638655,3.27467532467532,3.375,3.55,3.54838709677419,3.42857142857143,3.57142857142857,3.55909090909091,3.374375,3.27777777777778
"07302","Jersey City","NJ","New York","Hudson",27,,,,,,,,,,,,,,,,,,,,,,,,,,,,2.48125,2.90222222222222,2.97366333356163,2.99586776859504,2.96296296296296,2.96108291032149,2.88135593220339,2.85714285714286,2.91666666666667,2.94172062904718,2.95723384895359,2.95930949445129,2.9940119760479,2.98786181139122,2.97297297297297,2.93333333333333,2.96137339055794,2.96137339055794,2.9339605734767,2.93458781362007,2.94798060208901,2.92879065301394,2.92879065301394,2.95568669527897,3,3,3.01503094606543,2.96717318176546,2.9358253753415,2.96137339055794,2.96717318176546,2.995,3.00862068965517,3,3.08880308880309,3,2.995,3,3.03571428571429,3.11764705882353,3.13520796719391,3.15789473684211,2.96137339055794,2.94798060208901,2.995,3.125,2.99888888888889,3.01724137931034,3.10916130329847,3.15817046141447,3.54187625754527,3.17073170731707,3.19029024038994,3.27866078753076,3.46149236950591
"07093","West New York","NJ","New York","Hudson",28,,,,,,,,,,,,,,,,,,,,,,,,,,,,,,,,,,,,,,,,,,,,,,,,2.01944652206432,2.05263157894737,2.00517464424321,2.05473762941385,1.99618421052632,2.12815827109487,2.08515153960646,2.24191473448018,2.34055501460565,2.08893280632411,2.37341772151899,2.43333333333333,2.6957695769577,2.55555555555556,2.66630901287554,2.2793661971831,2.08333333333333,2.18011363636364,2.11493055555556,2.15264187866928,2.1,2.34313725490196,2.2502446183953,2.17708333333333,2.19512195121951,2.125,2.12395251396648,2.26325273852092,2.1875,2.36363636363636,2.13207547169811,2.13571428571429,2.08571428571429,2.0125786163522,1.99285714285714
"11372","New York","NY","New York","Queens",29,,,,,,,,,,,,,,,,,,,,,,,,,,,,,,,,,,,,,,,,,,,2.5,2.5,2.48275862068966,2.49137931034483,2.57142857142857,2.5,2.57142857142857,2.5,2.45608628659476,2.45762711864407,2.5,2.55644310872087,2.46666666666667,2.5,2.46666666666667,2.45,2.4,2.40689655172414,2.39565217391304,2.375,2.4,2.42805383022774,2.28571428571429,2.30208333333333,2.41780448717949,2.3125,2.421875,2.3125,2.33333333333333,2.25,2.40442307692308,2.5,2.36111111111111,2.42857142857143,2.45454545454545,2.45123106060606,2.47586206896552,2.41428571428571,2.375,2.42857142857143
"33311","Fort Lauderdale","FL","Miami-Fort Lauderdale","Broward",30,,,,,,,,,,,,,,,,,,,,,,,,,,,,,,,,,,,,,,,,,,,,,,,,,,,,,,,,,,,,,,,,,,,,,,1.15806945863126,1.04086538461538,1.04315996503496,1.13386377921262,1.12903225806452,1.14113366526235,1.15367553865653,1.13386377921262,1.26932125576256,1.2,1.20307338790751,1.16835919671383,1.16835919671383
"11218","New York","NY","New York","Kings",31,,,,,,,,,,,,,,,,,,,,,,,,,,,,,,,,,,,,,,,,,,,,,,,,,,,,,,,,,,,,,,,,,,,,,,,2.5,2.5,2.5,2.58397932816537,2.75,2.70936974789916,2.75,2.72727272727273,2.69375,2.63692768506632,2.54587935429057,2.44173441734417
"10701","Yonkers","NY","New York","Westchester",32,,,,,,,,,,,,,,,,,,,,,,,,,,,,,,,,,,,,,,,,,,,,,,,,,,,,,,,,,,,,,,,,,,,,,1.92002012072435,1.8,1.88690476190476,1.8944099378882,1.86363636363636,1.90175042348955,1.90132129896715,1.8935516888434,1.96428571428571,1.99324324324324,2.02702702702703,2.04965795353678,2.00603621730382,2.06081081081081
"60616","Chicago","IL","Chicago","Cook",33,,,,,,,,,,,,,,,,,,,,,,,,,,,,,,,,,,,,,,,,2.14944359171144,2.17046052631579,2.08937444933921,2.2232734153264,2.22222222222222,2.25665859564165,2.09680365296804,2.05125,2.07299657534247,2.27331606217617,2.24005681818182,2.00961538461538,2.1640625,2.17965895249695,2.21193666260658,2.26527909687858,2.35567010309278,2.36093143596378,2.33333333333333,2.30396758079972,2.22194485234133,2.44877049180328,2.1875,2.0443281938326,2.13673957621326,1.88397058823529,1.895,1.8839367816092,1.82557841251048,2.1136563876652,1.90701923076923,2.08623995853848,1.92567567567568,2.08534761130833,2.03351955307263,2.05703883495146,1.94174757281553,2.04,1.84918356272508,1.97334479793637,1.94732370433305,2.04761904761905,2.30384615384615
"60622","Chicago","IL","Chicago","Cook",34,,,,,,,,,,,,,,,,,,,,,,,,,,,,,,,,,,,,,,,,,,,,,,,,,,,,1.56372258446947,1.71825396825397,1.6547619047619,1.6,1.64873737373737,1.775,1.76470588235294,1.66111111111111,1.8621157323689,1.77272727272727,1.75,1.80833333333333,1.83529411764706,1.9047619047619,2,1.69258241758242,1.85714285714286,1.67708333333333,1.63333333333333,1.75,1.72222222222222,1.80982142857143,1.8,1.76470588235294,1.76136363636364,1.77097902097902,1.75,1.69444444444444,1.66666666666667,1.60714285714286,1.58333333333333
"60660","Chicago","IL","Chicago","Cook",35,,,,,,,,,,,,,,,,,,,,,,,,,,,,,,,,,,,,,,,,,,,,,,,,,,,,1.55,1.592,1.60485347985348,1.592,1.55,1.51666666666667,1.5375,1.54166666666667,1.54583333333333,1.52173913043478,1.60714285714286,1.6,1.56517857142857,1.6025641025641,1.59411764705882,1.46,1.69295266397792,1.68181818181818,1.59354166666667,1.68181818181818,1.61904761904762,1.68181818181818,1.79577464788732,1.75,1.74375,1.69333333333333,1.634375,1.6875,1.825,1.61875,1.62727272727273
"11368","New York","NY","New York","Queens",36,,,,,,,,,,,,,,,,,,,,,,,,,,,,,,,,,,,,,,,,,,,,,,,,,,,,,,,,,,,,,,,,,,,2.13701015965167,2.25,2.3593570608496,2.23722275795564,2.12150433944069,2.2939729397294,2.40053050397878,2.38007380073801,2.34855545200373,2.35972197936702,2.43542435424354,2.28301886792453,2.50175315568022,2.45256401031977,2.48607242339833,2.52785515320334
"33015","Country Club","FL","Miami-Fort Lauderdale","Miami-Dade",37,,,,,,,,,,,,,,,,,,,,,,,,,,,,,,,,,,,,,,,,,,,,,,,,,,,,,,,,,,,,,,,,,,,,,1.32100891191113,1.40794713061932,1.31578947368421,1.41129032258065,1.39705882352941,1.42729464582641,1.43424983543471,1.44444444444444,1.48725421329487,1.4344262295082,1.46556583602224,1.49186256781193,1.48383200469338,1.46561443066516
"33141","Miami Beach","FL","Miami-Fort Lauderdale","Miami-Dade",38,,,,,,,,,,,,1.7171198156682,1.7481608962678,1.72072668431892,1.76955192723477,1.7743979721166,1.79628989514921,1.82172470978441,1.69851380042463,1.66666666666667,1.4625,1.38125763125763,1.48351648351648,1.46666666666667,1.5311747560512,1.59872102318145,1.59872102318145,1.66053921568627,1.7263567870293,1.79968701095462,1.82853999685683,1.7741935483871,1.80681028492008,1.85735512630015,1.79166666666667,1.79805825242718,1.86645930533955,1.86219739292365,1.86666666666667,1.92095510021274,1.85428571428571,1.95336425869213,1.90174326465927,1.9124100938681,1.83227176220807,1.82181195872012,1.97506116207951,1.98902606310014,1.91747572815534,1.88609364081062,1.85714285714286,1.89304682040531,1.96805476326298,1.9651890770789,1.86666666666667,1.86666666666667,2,2,1.97926484448633,1.95160031225605,1.96613431613432,1.94174757281553,1.88792871016909,1.93298969072165,2.19752415458937,2,2.03846153846154,1.88749126484976,1.995,2.01088646967341,1.90458528194377,1.95553359683794,1.99029126213592,2.0353982300885,2.04278988367179,2.03154572997402,2.04166666666667,2.02587075615163,2.05263157894737,2.05287677614722,2.03846153846154,2.0641975308642
"98122","Seattle","WA","Seattle","King",39,,,,,,,,,,,,,,,,,,,,,,,,,,,,,,,,,,,,,,,,,,,,,,,,,,,,,,,,,,,,,,,,,,,,,,,2.4,2.74082568807339,2.65106837606838,2.60769230769231,2.76630434782609,2.82447397563677,3.00546448087432,3.00546448087432,3.01903658826325,2.79552576601671,2.62142857142857,2.61775362318841
"11354","New York","NY","New York","Queens",40,,,,,,,,,,,,,,,,,,,,,,,,,,,,,,,,,,2.15833333333333,2.1547619047619,2.16363636363636,2.15681818181818,2.16919191919192,2.17864923747277,2.16919191919192,2.18181818181818,2.2,2.29342532467532,2.225,2.28571428571429,2.35714285714286,2.30769230769231,2.35584415584416,2.23333333333333,2.22727272727273,2.23863636363636,2.26666666666667,2.29681251470242,2.33333333333333,2.26666666666667,2.13133802816901,2.21428571428571,2.21428571428571,2.24166666666667,2.21428571428571,2.08897640083701,2.18465909090909,2.1875,2.05050505050505,2.1875,2.2,2.28333333333333,2.30625,2.33256880733945,2.11111111111111,2.34134615384615,2.375,2.39130434782609,2.42285714285714,2.67857142857143,2.67857142857143,2.61538461538462,2.64636752136752,2.65269607843137,2.71428571428571,2.55285714285714,2.61538461538462
"11374","New York","NY","New York","Queens",41,,,,,,,,,,,,,,,,,,,,,,,,,,,,,,,,,,,,,,,,,,,2.46428571428571,2.34640522875817,2.34507761437909,2.33022636484687,2.3,2.37279411764706,2.4,2.375,2.37279411764706,2.42307692307692,2.39762977262977,2.46386554621849,2.4009900990099,2.42574257425743,2.4523080663741,2.40153698366955,2.38095238095238,2.33380018674136,2.32575757575758,2.38636363636364,2.54545454545455,2.44650606015263,2.36842105263158,2.5,2.58823529411765,2.46533333333333,2.5,2.47058823529412,2.19512195121951,2.28888888888889,2.37975417032485,2.33854166666667,2.33333333333333,2.33333333333333,2.33333333333333,2.38888888888889,2.44230769230769,2.45333333333333,2.35148514851485,2.30209241578094
"33065","Coral Springs","FL","Miami-Fort Lauderdale","Broward",42,,,,,,,,,,,,,,,,,,,,,,,,,,,,,,,,,,,,,,,,,,,,,,,,,,,,,,,,,,,,,,,,,,,,,,1.09855072463768,1.15366001209921,1.17792207792208,1.20404887646267,1.22727272727273,1.23295675314629,1.29180646300547,1.27617702448211,1.27365177195686,1.19426229508197,1.2012012012012,1.14698756900592,1.2012012012012
"10010","New York","NY","New York","New York",43,,,,,,,,,,,,,,,,,,,,,,,,,,,,,,,,,,,,,,,,,,5.66666666666667,5.8982683982684,5.66037735849057,5.72669826224329,5.67694805194805,5.80828594638505,5.66037735849057,5.94297635605007,5.90629083442225,6.22941176470588,5.81510187730212,5.73214285714286,5.77537713426747,5.76450511945392,5.67694805194805,5.43504778672032,5.3462543554007,5.278581901969,5.27638190954774,5.45860978759407,5.8641975308642,5.80828594638505,5.70714285714286,5.6123595505618,5.54785020804438,5.50725843735552,5.80516686397751,5.72072658570099,5.79714738510301,5.56659959758551,5.76450511945392,5.66794871794872,5.68207592170862,5.825,5.65593087195601,5.6125,5.53055555555556,5.49259803921569,5.6,5.55555555555556,5.44247787610619
"33178","Doral","FL","Miami-Fort Lauderdale","Miami-Dade",44,,,,,,1.18387370084835,1.19979134063641,1.19742990654206,1.20604587729632,1.21518987341772,1.21735103426984,1.22663551401869,1.22663551401869,1.22663551401869,1.26432165081395,1.25,1.25164907651715,1.26671420930647,1.29213483146067,1.29213483146067,1.29913391072618,1.26738725473792,1.2565445026178,1.2698540675643,1.29213483146067,1.29213483146067,1.29947544110634,1.31578947368421,1.32530120481928,1.33527131782946,1.31509731720147,1.33736940332644,1.35350318471338,1.38487141977082,1.35350318471338,1.34831460674157,1.3801610102223,1.37184115523466,1.35787567893784,1.36307334284213,1.375,1.39349701393497,1.33946161206799,1.33653752198554,1.37912385073012,1.37706192536506,1.33723900677816,1.31147540983607,1.33986928104575,1.45669291338583,1.48051111087657,1.43247996873168,1.4779499106617,1.51114649681529,1.487826871055,1.51331719128329,1.52931180968564,1.54332172439759,1.53284671532847,1.54269724301455,1.45985401459854,1.45221058974166,1.43638850889193,1.37627489072365,1.50602409638554,1.44736842105263,1.51223184404929,1.4575870713626,1.44987572493786,1.50671629216989,1.51114649681529,1.58248299319728,1.57366910078804,1.63216560509554,1.62460019067829,1.58982913759984,1.6155758077879,1.61100075529957,1.61143690476276,1.61603102779573,1.57981542481736,1.58163265306122
"11106","New York","NY","New York","New York",45,,,,,,,,,,,,,,,,,,,,,,,,,,,,,,,,,,,,,,,,,,,,,,,,,,,,,,,,,,,,,,,,,,,2.66666666666667,2.81746031746032,2.88278231000429,2.77777777777778,2.85267379679144,2.89444444444444,2.94736842105263,2.82605042016807,2.83974358974359,2.7906976744186,2.86111111111111,2.91666666666667,3.07142857142857,2.87840909090909,2.74764032815199,2.84615384615385
"33180","Aventura","FL","Miami-Fort Lauderdale","Miami-Dade",46,,,,,,,,,,,,1.39603232916973,1.53422501966955,1.54150306277091,1.53518821603928,1.50467656112941,1.55039452668717,1.60642858166908,1.59844118984351,1.59889807162534,1.630184574779,1.59779614325069,1.62251655629139,1.54921059332824,1.54761904761905,1.60403299725023,1.69230769230769,1.6771332996718,1.69456613776092,1.70892857142857,1.71597633136095,1.70650086094288,1.69528371407517,1.70860357612164,1.70819935691318,1.7035142582402,1.73941057821605,1.73913043478261,1.74312378993224,1.81468023255814,1.84210526315789,1.88323917137476,1.84017027863777,1.83652141786739,1.83197333283766,1.82841068917018,1.81154247910864,1.8361581920904,1.84182015167931,1.86282811176969,1.81686046511628,1.82841068917018,1.79210546693511,1.83270369547314,1.83197333283766,1.89599133261105,1.88902007083825,1.84949315193004,1.79037800687285,1.81818181818182,1.8361581920904,1.8299030190037,1.83553597650514,1.82661410370918,1.78764897074756,1.82083899168223,1.76968310926918,1.7858432647165,1.83318056828598,1.82049110922947,1.79752340317962,1.78907721280603,1.8095987411487,1.86219739292365,1.85430463576159,1.84587813620072,1.87793427230047,1.86737804878049,1.87793427230047,1.89393939393939,1.86027584450273,1.85430463576159
"10022","New York","NY","New York","New York",47,,,,,,,,,,,,,,,,,,,,,,,,,,,,,,,,,,,,,,,,,,4.6237272708029,4.66101694915254,4.58333333333333,4.56108267411199,4.75482912332838,4.70303326810176,4.59651162790698,4.62068965517241,4.53541277344179,4.53846153846154,4.67494521548576,4.67741935483871,4.77605321507761,4.77605321507761,4.66666666666667,4.81666666666667,4.87243243243243,4.91666666666667,4.83798051682903,4.91287878787879,4.91666666666667,4.90909090909091,4.9,4.72794117647059,4.73863636363636,4.69854687718318,4.72536760547449,4.54545454545455,4.99074074074074,4.56309523809524,4.68122260774288,4.58333333333333,4.67105263157895,4.68122260774288,4.73333333333333,4.75,4.94217894096166,4.64583333333333,4.625,4.56190476190476,4.58796296296296
"11222","New York","NY","New York","Kings",48,,,,,,,,,,,,,,,,,,,,,,,,,,,,,,,,,,,,,,,,,,,,,,,,,,,,,,,,,,,,,,,,,,3.15587044534413,3.15789473684211,3.12698412698413,3.27181818181818,3.05882352941176,3.16571428571429,3.33333333333333,3.44544388777555,3.39285714285714,3.4,3.42857142857143,3.371875,3.35,3.27928571428571,3.21547619047619,3.2,3.208
"10065","New York","NY","New York","New York",49,,,,,,,,,,,,,,,,,,,,,,,,,,,,,,,,,,,,,,,,,,4.9875,5.05409356725146,5,5,5.10385508073825,5,5.13888888888889,5.27955402525004,5.23508137432188,5.20984081041968,5.20547945205479,5.36415212139309,5.5,5.45,5.6,5.4101966873706,5.44444444444444,5.27801911381408,5.23188600618363,5.21751500233119,5.32245301681503,5.27058850427546,5.34090909090909,5.1325957147875,5.1975051975052,5.01792114695341,4.99375,5.0245855734767,4.99375,5.14138655462185,5.01792114695341,5.06756756756757,5.06849315068493,5.34188034188034,5.44393939393939,5.29411764705882,5.182,4.99444444444444,5.24096385542169,5.15384615384615,5.20706803496293
"60605","Chicago","IL","Chicago","Cook",50,1.91036414565826,1.92397715382513,1.92511013215859,1.95335189896984,1.97459426664644,2.11563876651982,2.06284916201117,2.09090909090909,2.07456095306563,2.11360634081902,2.09090909090909,2.09090909090909,2.09296264118158,2.23714759535655,2.2719614921781,2.2123663027632,2.24051724137931,2.2320936666182,2.23275208491281,2.21350985119295,2.18340567231321,2.18835565228949,2.1859756097561,2.22448979591837,2.22983572013892,2.25360712995303,2.27973568281938,2.31387665198238,2.31166666666667,2.33333333333333,2.29931506849315,2.28097437537628,2.24348556802763,2.21443464619696,2.20457014514836,2.16006097560976,2.15800882715506,2.19470947996737,2.21678074164362,2.3417243078656,2.39406779661017,2.40819991789819,2.3744752308984,2.34180790960452,2.28821985747304,2.29655172413793,2.33158813263525,2.31063432835821,2.23396226415094,2.21526908635795,2.25476966690291,2.26474278544542,2.28211586901763,2.36234309623431,2.50201357454169,2.54427175455836,2.52957059098905,2.47804054054054,2.42,2.35478408128705,2.37840136054422,2.37670068027211,2.31832871652816,2.35563054860005,2.25680365296804,2.29963898916967,2.44951078668243,2.19706242350061,2.29963898916967,2.31420367224784,2.2829525483304,2.32729164466612,2.33341053157495,2.41173526140156,2.42889390519187,2.4031425891182,2.39375520978049,2.40887480190174,2.50428979980934,2.35897435897436,2.307,2.25251784440624
"11101","New York","NY","New York","Queens",51,,,,,,,,,,,,,,,,,,,,,,,,,,,,,,,,,,,,,,,,,,,,,,,,,,,,,,,,,,,,,,,,,,,,,,,3.96318114170371,4.02502667304367,4.10491472233593,4.20323033707865,4.20726672171759,4.01729106628242,4.0572972972973,4.07430792442928,4.20323033707865,4.25666395590494,4.08941689365119,4.08258294520154
"11561","Long Beach","NY","New York","Nassau",52,,,,,,,,,,,,,,,,,,,,,0.952018278750952,0.894854586129754,0.951776649746193,1.02337622077885,0.962063116694347,0.99009900990099,0.96839457567804,0.972762946483747,1.01543460601137,1.01543460601137,1.01604278074866,1.05646846504559,1.01543460601137,0.996654840548068,0.960219478737997,1,1.00763501623088,1.02484472049689,1.01862829997603,0.993612991618311,0.969895549005289,1.01156069364162,1.02417042195821,0.999333777481679,1.00008390291932,1.03397341211226,1.06132075471698,1.05932203389831,1.05960264900662,1.05960264900662,1.08218947375978,1.23022847100176,1.33732802409577,1.29545454545455,1.20644725356827,1.1660777385159,1.15606936416185,1.18916322551044,1.16999311768754,1.24793039089115,1.2709710218607,1.22448979591837,1.08840515326522,1.07050032488629,1.10297098746412,1.03626943005181,1.13917781079742,1.14130434782609,1.10294117647059,1.08695652173913,1.08942912529177,1.11458740711772,1.16355452176348,1.29545454545455,1.49739583333333,1.48985390010753,1.41437308868502,1.33159844499813,1.28253798371527,1.17639991318368,1.20192307692308,1.14604808175665
"11205","New York","NY","New York","Kings",53,,,,,,,,,,,,,,,,,,,,,,,,,,,,,,,,,,,,,,,,,,,,,,,,,,,,,,3.04545454545455,3.09045454545455,3.08571428571429,3,3.01307847082495,3,3.08766842913184,3.04563492063492,3,3.00653923541247,3.07666666666667,3.1,3.27083333333333,3,2.91875896700143,3.1,2.93333333333333,3.02941176470588,3.22244338132022,3.25062656641604,3.14142857142857,3.10536244800951,3.14285714285714,3.28571428571429,3.25277777777778,3.24368912741006,3.14285714285714,3.10833333333333,3.21264285714286
"11435","New York","NY","New York","Queens",54,,,,,,,,,,,,,,,,,,,,,,,,,,,,,,,,,,,,,,,,,,1.87836021505376,2.09090909090909,2.125,2.21179624664879,2.1,2.09545454545455,1.9375,2.01388888888889,2.09176788124157,2.02480158730159,2.03571428571429,2.3125,2.33958891867739,2.125,2.19444444444444,2.1,2.21428571428571,2.21428571428571,2.23529411764706,2.12525303643725,2.18420454545455,2.27272727272727,2.32191780821918,2.22222222222222,2.21764705882353,2.35,2.33333333333333,2.3125,2.21428571428571,2.41545893719807,2.125,2.25925925925926,2.27992957746479,2.27992957746479,2.2781746031746,2.25378567268492,2.285,2.33333333333333,2.28571428571429,2.27857142857143,2.33333333333333
"02127","Boston","MA","Boston","Suffolk",55,,,,,,,,,,,,,,,,,,,,,,2.89041832010582,2.91913746630728,2.84679089026915,2.57731958762887,2.7736013986014,2.86857142857143,2.83301755054112,3.21643518518519,3.18674033149171,2.91125751680226,2.71887159533074,2.70985225981292,2.72019529133626,2.88885318480434,2.66945373467113,2.83974358974359,2.81818181818182,2.82776349614396,2.77915701202692,2.72727272727273,2.77777777777778,2.62631578947368,2.5,2.44444444444444,2.45454545454545,2.45454545454545,2.53056027164686,2.52664377218707,2.63961038961039,2.77350427350427,2.79329608938547,2.72727272727273,2.86885245901639,2.75,2.77777777777778,2.66666666666667,2.66666666666667,2.77529318226993,2.78795239251882,2.77777777777778,2.77777777777778,2.77777777777778,2.79329608938547,2.93203078744819,2.86428571428571,2.77507302823759,2.91176470588235,2.88031217208814,2.92460325121631,2.96536412078153,3,2.99739583333333,2.89833333333333,2.92848335388409,2.89765721331689,2.93541666666667,2.93203078744819,2.92307692307692,2.84615384615385,2.76538461538462,2.70951571120647
"11217","New York","NY","New York","Kings",56,,,,,,,,,,,,,,,,,,,,,,,,,,,,,,,,,,,,,,,,,,,,,,,,,,,,,,,,,,,,,,,,,,,,,,,3.64892623716153,3.75,3.75,3.69615384615385,3.71428571428571,3.9375,3.99,3.97,3.84412955465587,3.94190871369295,3.89630390143737,3.76470588235294
"33130","Miami","FL","Miami-Fort Lauderdale","Miami-Dade",57,,,,,,,,,,,,,,,,,,,,,,,,,,,,,,2.2554347826087,2.34516019855596,2.28077945084145,2.25631768953069,2.19928186714542,2.23010506331339,2.21434898139947,2.23300970873786,2.22929936305732,2.22405271828666,2.24337185588035,2.25156445556946,2.24201474201474,2.2658836689038,2.31935771632471,2.2825043374104,2.32454399480398,2.32350659425912,2.33333333333333,2.33854166666667,2.32558139534884,2.33236151603499,2.3230436197102,2.32350659425912,2.35457063711911,2.38353196099675,2.32454399480398,2.2845111198842,2.32654414753642,2.33082961693817,2.34489552785924,2.33843537414966,2.360346184107,2.40963855421687,2.34375,2.35602094240838,2.38738738738739,2.32018239868163,2.3230436197102,2.29885057471264,2.37020316027088,2.35602094240838,2.42882419769639,2.47524752475248,2.46835443037975,2.46502331778814,2.4800708591674,2.51002108297083,2.51736111111111,2.50317200733718,2.47678018575851,2.4788857764618,2.48331108144192
"02472","Watertown","MA","Boston","Middlesex",58,,,,,,,,,,,,,,,,,,,,,,,,,,1.54545454545455,1.57380952380952,1.56,1.66666666666667,1.8,1.66666666666667,1.67159763313609,1.56363636363636,1.5,1.5,1.5,1.52866242038217,1.56125,1.59375,1.73684210526316,1.66666666666667,1.6875,1.73280839895013,1.75182481751825,1.57847199564981,1.52026943517489,1.54545454545455,1.5584179026802,1.5890365448505,1.68181818181818,1.70833333333333,1.65666666666667,1.62393162393162,1.67446549137284,1.66666666666667,1.7,1.57142857142857,1.57528036268194,1.57906824146982,1.61885245901639,1.64761904761905,1.68957945169018,1.78647416413374,1.75,1.66666666666667,1.81818181818182,1.625,1.57142857142857,1.62370943952802,1.63620943952802,1.59692372524231,1.62241887905605,1.69230769230769,1.71825396825397,1.7,1.64576802507837,1.69210526315789,1.63636363636364,1.60157908933347,1.57894736842105,1.49285111243544,1.5
"02139","Cambridge","MA","Boston","Middlesex",59,,,,,,,,,,,3,3,2.71428571428571,2.71714285714286,2.7027027027027,2.94840294840295,2.97527047913447,2.88464518128293,2.89799072642968,3.23636363636364,3.00168828384607,2.92975796323781,2.95040906505666,2.69047619047619,3.09140625,2.95040906505666,2.79103554868624,2.88663581265304,3,2.98063255152807,2.94840294840295,2.91487366214278,2.85,2.84210526315789,2.84127735068007,2.82621951219512,2.85714285714286,2.85535714285714,2.87703934740883,2.89473684210526,2.93625524109015,3,2.93333333333333,2.83333333333333,2.799,2.75,2.75,2.75,2.77777777777778,2.86425902864259,2.92820512820513,2.90830511309001,3,2.91666666666667,2.83333333333333,2.72727272727273,2.70588235294118,2.73205128205128,2.74166666666667,2.8099173553719,2.8,2.9730006326523,2.93663060278207,3,2.91961865594915,2.91159343568025,2.85714285714286,2.8,2.82021151586369,2.82021151586369,3,2.82454212454212,3,2.94117647058824,3,3.05555555555556,3.07142857142857,3,2.95893623990307,2.98554233367649,2.96103736479843,3
"02138","Cambridge","MA","Boston","Middlesex",60,,,,,,,,,,,,,,2.76190476190476,2.86939313984169,2.8074427480916,3.1681377397437,3.5,2.94736842105263,2.86259541984733,2.84962406015038,2.71428571428571,2.85714285714286,2.75,2.75,2.88235294117647,2.98602287166455,3.07692307692308,3.2554347826087,3.03430079155673,3.03430079155673,3.0814895815639,2.97531232078803,2.94871794871795,2.92249047013977,2.99666666666667,3.00970873786408,2.99333333333333,2.97619047619048,3.23076923076923,3.2,3.06547619047619,3.03030303030303,2.85,2.8,2.83,2.78522427440633,2.87634892086331,3.06547619047619,3.08695652173913,3.28739904224144,3.14761794634598,3.23110624315444,3.31034482758621,3.24786324786325,3.15789473684211,3.09126984126984,3,2.96376811594203,3,3.05555555555556,3.05263157894737,3.06547619047619,3.22740647330811,3.22404371584699,3.21916471506635,3.06453000275255,3.07692307692308,2.9,3.05882352941176,3.03571428571429,3.22252747252747,3.10912698412698,3.37078651685393,3.5,3.42342342342342,3.375,3.33333333333333,3.19693094629156,3.2025641025641,3.06666666666667,3.01923076923077
"33401","West Palm Beach","FL","Miami-Fort Lauderdale","Palm Beach",61,,,,,,,,,,,,,,,,,,,,,,,,,,,,,,,,,,,,,,,,,,,,,,,,,,,,,,,,,,,,,,,,,,,,,,,1.48461538461538,1.48461538461538,1.52352941176471,1.51538461538462,1.5,1.51538461538462,1.48782587309395,1.42307692307692,1.51538461538462,1.53846153846154,1.46323529411765,1.44295004433934
"80203","Denver","CO","Denver","Denver",62,,,,,,,,,,,,,,,,,,,,,,,,,,,,,,,,,,,,,,,,,,,,,,,,,,,,,,,,,,,,,,,,,,,,,1.88695652173913,1.70573124196235,1.9625,2.04375,2.0125,2.03040316606231,1.98024598393574,2.0466726618705,2.00449015254037,2.075,2.0875,2.09546925566343,2.1111375170773,2.09546925566343
"11103","New York","NY","New York","Queens",63,,,,,,,,,,,,,,,,,,,,,,,,,,,,,,,,,,,,,,,,,,,,,,,,,2.6,2.62019230769231,2.5,2.5,2.50448028673835,2.63397129186603,2.58378378378378,2.44444444444444,2.34852941176471,2.44444444444444,2.42857142857143,2.5,2.42857142857143,2.4375,2.38809414024976,2.38081378704888,2.18181818181818,2.41666666666667,2.4,2.3125,2.44155844155844,2.18333333333333,2.40909090909091,2.54554655870445,2.67261904761905,2.66666666666667,2.8,2.749375,2.74625,2.72727272727273,2.66666666666667,2.55,2.60769230769231,2.6
"10013","New York","NY","New York","New York",64,,,,,,,,,,,,,,,,,,,,,,,,,,,,,,,,,,,,,,,,,,5.31582446808511,5.4,5.45513654096229,5.3125,5.3125,5.5562751871042,5.59333333333333,5.6782334384858,5.79623840932989,5.42994066636239,5.55333333333333,5.61073649796304,5.44117647058824,5.52767857142857,5.41666666666667,5.27835925039872,5.55555555555556,5.20083333333333,5.42142857142857,5.59333333333333,5.65942028985507,5.62436323366556,5.83793458371455,5.50386630082315,5.03989753796255,5.55042103101253,5.52889803075263,5.83934186848276,5.48089285714286,5.45357142857143,5.3619708994709,5.56364202657807,5.64044896586514,5.62513796108045,5.7869395711501,5.7142448809895,5.78409090909091,5.69230769230769,5.69038461538462,5.61173041194183,5.6
"11102","New York","NY","New York","Queens",65,,,,,,,,,,,,,,,,,,,,,,,,,,,,,,,,,,,,,,,,,,,,,,,,,,2.84166666666667,2.82200460829493,2.83316532258065,2.72635531135531,2.79285714285714,2.85,2.85805046287893,2.86991129469122,2.83333333333333,2.85895806861499,2.85895806861499,2.83333333333333,2.77777777777778,2.8638540343075,2.85895806861499,2.85895806861499,2.85895806861499,2.86885245901639,2.85895806861499,2.85714285714286,2.99166666666667,2.75,2.98611111111111,3,2.95833333333333,3,2.9,2.92857142857143,2.99545454545455,2.99689903846154,2.85805046287893,2.87107258938245,2.86363636363636
"60654","Chicago","IL","Chicago","Cook",66,2.19576708290015,2.21977777777778,2.37140400250156,2.41141141141141,2.44476893554935,2.47974413646055,2.46588235294118,2.52899192371315,2.52854858405536,2.51557062146893,2.43660714285714,2.41935483870968,2.43333333333333,2.42634408602151,2.57352941176471,2.68316954507569,2.60791366906475,2.675,2.68814788316526,2.57666666666667,2.51147964310116,2.63222632226322,2.57627882599581,2.61538461538462,2.60977564102564,2.66610738255034,2.7018018018018,2.76838735942792,2.79617249904907,2.76762402088773,2.73844940274961,2.69452449567723,2.65054486495278,2.59320754716981,2.59279220779221,2.58103241296519,2.6,2.69104479141054,2.81859964442469,2.90767045454545,2.89810975609756,2.94200497100249,2.8006589785832,2.78,2.79701316276099,2.79150232631913,2.76534613845538,2.7656862745098,2.76021314387211,2.76334519572954,2.81818583029304,2.92050209205021,2.88972434161949,2.95613247527861,2.85480776759847,2.90209806134775,2.89254385964912,2.8967032967033,2.84449553815334,2.95810363836825,2.94550173010381,2.78664192949907,2.66310794780546,2.66310794780546,2.71841907800892,2.76406025824964,2.8785040932771,2.66310794780546,2.79637480798771,2.76341463414634,2.67801857585139,2.66098793616688,2.68,2.74827586206897,2.68767553584627,2.67883928571429,2.7280487804878,2.72333333333333,2.76959266678808,2.69031377899045,2.61224489795918,2.64786324786325
"11231","New York","NY","New York","New York",67,,,,,,,,,,,,,,,,,,,,,,,,,,,,,,,,,,,,,,,,,,,,,,,,,,,,,,,,,,,,,,,,,,,,,,,3.125,3.17647058823529,3.28571428571429,3.29166666666667,3.38275735294118,3.42965779467681,3.399,3.33712121212121,3.30895833333333,3.22222222222222,3.2,3.28571428571429
"77006","Houston","TX","Houston","Harris",68,,,,,,,,,,,,,,,,,,,,,,,,,,,,,,,,,,,,,,,,,,,,,,,,,,,,,1.24071403543637,1.13157894736842,1.25766030736619,1.25,1.19193482193708,1.25226244343891,1.22447649229782,1.07894736842105,1.2,1.37375,1.49955237242614,1.41175213675214,1.4,1.32777777777778,1.35245901639344,1.24583333333333,1.37692307692308,1.37251908396947,1.46071428571429,1.40588235294118,1.25,1.26319683987983,1.31091101694915,1.27355478208232,1.28214285714286,1.26633906907375,1.31578947368421,1.14411764705882,1.26315789473684,1.32916666666667
"23503","Norfolk","VA","Virginia Beach","Norfolk City",69,,,,,,,,,,,,,,,,,,,,,,,,,,,,,,,,,,,,,,,,,,,,,,,,,,,,,,,,,,,,,,,,,,,,,,,0.969827586206897,0.903225806451613,0.880952380952381,0.876717801214445,0.936397058823529,0.994444444444444,0.956617647058823,0.907715582450832,0.95,0.935889175257732,0.96875,0.983597883597884
"33140","Miami Beach","FL","Miami-Fort Lauderdale","Miami-Dade",70,,,,,,,,,,,,,,,,,,,,,,,,,,,2.17241379310345,2.28718535469108,2.17894074273896,2.29490846681922,2.21325161663932,2.25385527876631,2.17777777777778,2.22222222222222,2.14285714285714,2.1713649851632,2.2513654204926,2.26452248112898,2.27272727272727,2.16611617122077,2.14477211796247,2.14285714285714,2.27272727272727,2.29166666666667,2.26735395189003,2.23851977754438,2.3696682464455,2.40174672489083,2.32876712328767,2.3972602739726,2.41779497098646,2.25609756097561,2.23788315926071,2.2596547336826,2.19891745602165,2.22389650912027,2.14050751879699,2.14050751879699,2.27272727272727,2.39474448315912,2.39495798319328,2.32088799192735,2.34567901234568,2.38095238095238,2.5031328320802,2.40673886883273,2.3680649526387,2.27272727272727,2.57142857142857,2.57142857142857,2.30769230769231,2.32683982683983,2.445646602101,2.35294117647059,2.40889748549323,2.43827160493827,2.31707317073171,2.31707317073171,2.35294117647059,2.38454939237689,2.32120451693852,2.3168351341931
"10801","New Rochelle","NY","New York","Westchester",71,,,,,,,,,,,,,,,,,,,,,,,,,,,,,,,,,,,,,,,,,,,,,,,,,,,,,,,,,,,,,,,,,,,,,,2.54716981132075,2.61261261261261,2.25,2.40722166499499,2.42105263157895,2.54545454545455,2.54545454545455,2.63190954773869,2.38958333333333,2.32916446922323,2.43875765529309,2.43307086614173,2.29990800367985
"33131","Miami","FL","Miami-Fort Lauderdale","Miami-Dade",72,,,,,,,,,,,,,,,,,,,,,,,,,,,,2.30566534914361,2.42787794729542,2.56645279560037,2.55919540229885,2.493321460374,2.47933884297521,2.45833333333333,2.50415082149449,2.536130831643,2.48458991805677,2.48756218905473,2.50677506775068,2.53333333333333,2.52679267926793,2.53980288097043,2.56776556776557,2.5579133510168,2.52679267926793,2.493321460374,2.55068672334859,2.57452574525745,2.58277372979977,2.58064516129032,2.54524480215951,2.58301623164278,2.56931415468001,2.57524173656532,2.55120543063981,2.59259259259259,2.5833878351864,2.55493183640738,2.55068672334859,2.55348637835778,2.55068672334859,2.55348637835778,2.56583506583507,2.57514166050751,2.54524480215951,2.53980288097043,2.53441514536849,2.5974025974026,2.55068672334859,2.52025202520252,2.48421500288133,2.53980288097043,2.51798561151079,2.57452574525745,2.57142857142857,2.50868390582787,2.51798561151079,2.54938182321276,2.5722339675828,2.64042246759482,2.61818181818182,2.63959662923201
"02118","Boston","MA","Boston","Suffolk",73,,,,,,,,,,,,,,3.35438335809807,3.06754721353261,3.10625,3,2.90819892473118,2.87381144163912,2.89717002749771,2.91934005499542,2.95138888888889,2.90703844855034,2.9834228362878,3.09032258064516,3.12094155844156,3.07652201812786,3.1886170944088,3.24675324675325,3.2,3.18823529411765,3.21915820029028,3.2,3.125,3.125,3.25,3.25,3.25,3.3,3.43070362473348,3.4,3.29562042274941,3.35504201680672,3.31818181818182,3.4,3.39014233797698,3.35714285714286,3.54545454545455,3.53889943074004,3.63245059445704,3.64285714285714,3.6,3.64583333333333,3.52070766294453,3.46649151520372,3.42142857142857,3.42142857142857,3.50734094616639,3.56558501075817,3.71428571428571,3.78772522522523,3.74574829931973,3.78174603174603,3.6150234741784,3.68220899470899,3.86617647058824,3.64779874213836,3.45747126436782,3.4,3.3280429321763,3.6,4.00594353640416,3.97255135302944,3.79166666666667,3.625,3.70899470899471,3.6144578313253,3.56807511737089,3.52526439482961,3.5,3.42163355408389,3.39858156028369
"78705","Austin","TX","Austin","Travis",74,,,,,,,,,,,,,,,,,,,,,,,,,,,,,,,,,,,,,,,,,,,,,,,,,,,,,,,,,,,,,,,,,,,,,,,1.94938908784495,1.87805147058824,1.84928375912409,1.85344827586207,1.88172043010753,1.84179575444636,1.7375,1.78848039215686,1.60645161290323,1.8625,1.80360721442886,1.8989898989899
"11104","New York","NY","New York","Queens",75,,,,,,,,,,,,,,,,,,,,,,,,,,,,,,,,,,,,,,,,,,,,,,,,,,,,,,,,,,,,,,,,,2.54675716440422,2.51470588235294,2.6,2.5,2.63333333333333,2.57142857142857,2.5,2.60748120300752,2.64285714285714,2.55555555555556,2.55555555555556,2.58663286004057,2.60357142857143,2.58823529411765,2.625,2.79705882352941,2.69230769230769,2.57477678571429
"02116","Boston","MA","Boston","Suffolk",76,,,,,,,,,3.66758241758242,3.60860513532269,3.5,3.57723577235772,3.79036181210094,3.86914022517912,3.86914022517912,4.06698312236287,4,3.83937889244235,3.9,3.84064039408867,4.03846153846154,3.82113821138211,4.03846153846154,3.875,4.0530303030303,4.05117270788913,4.10105805205777,4.04512099921936,4.04262295081967,3.93763676148797,4.04157549234136,4.00757575757576,4.04799216454456,3.96153846153846,4,4,4.04676258992806,4.04676258992806,4.11819852941176,4.2,4.27272727272727,4.32692307692308,4.29680998613037,4.16666666666667,4.1875,4.16666666666667,4.17786561264822,4.34266409266409,4.398,4.25,4.21428571428571,4.28571428571429,4.18070652173913,4.12231559290383,4,4.06360424028269,4.05117270788913,4,4.15384615384615,4.36363636363636,4.34266409266409,4.38451612903226,4.36229086229086,4.33271533163464,4.30779892810941,4.44444444444444,4.18803418803419,4.15654486586494,4.24364406779661,4.07142857142857,4.34266409266409,4.14787234042553,4.34266409266409,4.34266409266409,4.31309904153355,4.26528776978417,4.4,4.5,4.44320712694878,4.375,4.40789473684211,4.38421052631579
"33137","Miami","FL","Miami-Fort Lauderdale","Miami-Dade",77,,,,,,,,,,,,,,,,,,,,,,,,,,,,,,,,,,2.2568093385214,2.23292469352014,2.18475367779126,2.14285714285714,2.14007782101167,2.14007782101167,2.25464190981432,2.15208034433285,2.15884271993713,2.25464190981432,2.17006200177148,2.12367820858387,2.16528545119705,2.19683655536028,2.30677797434763,2.30123061059805,2.30263157894737,2.26969696969697,2.30263157894737,2.3109243697479,2.32288037166086,2.31690237070438,2.45489744734165,2.54787406686141,2.49625011683612,2.49843847595253,2.50871417505809,2.49921923797626,2.53164556962025,2.56410256410256,2.40893066980024,2.5,2.5,2.36008295136495,2.39654835649311,2.52631578947368,2.36363636363636,2.30263157894737,2.40904621435595,2.45319216685241,2.45625073503469,2.54350736278447,2.46143986557808,2.45795601552393,2.5552673389961,2.56410256410256,2.58379888268156,2.6056338028169,2.56100881100881
"10017","New York","NY","New York","New York",78,,,,,,,,,,,,,,,,,,,,,,,,,,,,,,,,,,,,,,,,,,5.17647058823529,5.20059435364042,5.20702159091807,5.18145000423129,5.12820512820513,5.20026702269693,5.12082853855006,5.20360480640854,5.32405821917808,5.35864805692392,5.21428571428571,5.36780821917808,5.29411764705882,5.28823529411765,5.53709856035437,5.54082650789996,5.26716826527291,5.24219620958751,5.13553113553114,5.33030821917808,5.0328227571116,5.0775,5.0328227571116,5.20491803278689,5.49044277130145,5.55652173913044,5.25068114735488,5.26086956521739,5.36860795454546,5.34231504770615,5.0775,5.07328072153326,5.15388156962743,5.0328227571116,5.10093262977052,5.37376483851714,5.42022727272727,5.29508003974387,5.32685394482421,5.3,5.12820512820513
"10038","New York","NY","New York","New York",79,,,,,,,,,,,,,,,,,,,,,,,,,,,,,,,,,,,,,,,,,,4.87586671802774,4.90552325581395,4.86721993284493,4.86547966338386,4.93934913012015,4.90909090909091,4.92973805855162,4.92598684210526,5.01584613068353,5.13428262436914,4.94782742918886,5,5.03731343283582,5.125,5.07710832424573,5.01543209876543,4.88227146814404,4.94059405940594,5.03614457831325,5.08527131782946,5.12295081967213,5.12298387096774,5.01962081128748,5.13667496886675,4.99109177859178,5.03846153846154,5.04950495049505,4.9664053389669,4.98084291187739,4.9537750385208,5.01290322580645,4.94413580246914,4.97797935816804,5.13099315068493,5.16393442622951,5.21268960047586,5.23071253071253,5.27642276422764,5.1620147219193,4.979035639413,4.85388127853881
"33019","Hollywood","FL","Miami-Fort Lauderdale","Broward",80,,,,,,,,,,,,,,,,,,,,,,,,,,1.48148148148148,1.48514851485149,1.60873244290583,1.6044250104734,1.74418604651163,1.80665687714146,1.76,1.74496644295302,1.82522123893805,1.75,1.70454545454545,1.68466522678186,1.68,1.69905660377359,1.78571428571429,1.79285714285714,1.73706896551724,1.8,1.875,1.72647257955315,1.775,1.80533751962323,1.82574568288854,1.74038461538462,1.75,1.91987179487179,1.8595041322314,1.95,1.7603249830738,1.92307692307692,1.91666666666667,1.66666666666667,1.66666666666667,1.66666666666667,1.69540229885057,1.99920063948841,1.92077107544733,2.06666666666667,2.19252445350752,2,1.75,1.96153846153846,1.95333052720194,2.12680856983862,1.91666666666667,1.91987179487179,1.73706896551724,1.79465776293823,1.88888888888889,1.96153846153846,2,2.13519440579708,2.05005250262513,2.17108119843682,1.98011761411369,1.92307692307692,2.03571428571429
"02143","Somerville","MA","Boston","Middlesex",81,,,,,,,,,,,,,,,,,,,,,,,,,,,,,,,,,,,,,,,,,,,,,,,,,,,,,,,,,,,,,,,,,,,,,,2.23404255319149,2.23404255319149,2.16,2.12418300653595,2.245,2.46805555555556,2.49166666666667,2.44444444444444,2.45922135318233,2.375,2.34009360374415,2.20526315789474,2.21560721137587
"60601","Chicago","IL","Chicago","Cook",82,,,,,,2.48461538461538,2.39504132231405,2.38815789473684,2.38794397804327,2.45205555035031,2.48675213675214,2.39523489368855,2.42763157894737,2.44270833333333,2.66571428571429,2.66666666666667,2.64657534246575,2.64657534246575,2.75348837209302,2.82753357753358,2.75480059084195,2.69952157598499,2.67313432835821,2.74764150943396,2.73300330033003,2.74528301886792,2.74764150943396,2.77659402744148,2.82236842105263,2.83546798625981,2.8639155982906,2.76766840882695,2.75941164778374,2.80769230769231,2.83068783068783,2.82907036843666,2.85245901639344,2.82666666666667,2.80944350758853,2.8346593187669,2.85182879018495,2.92152199762188,2.96208530805687,2.97283917620245,2.88956971168815,2.87576687116564,2.81195079086116,2.78,2.90217391304348,2.91304347826087,2.84520884520885,2.93566956706282,2.91527987897126,2.96065573770492,2.92168807127155,2.94719079073082,2.99398496240602,2.93184488836663,2.87127371273713,2.78359096313912,2.7510550192541,2.86388763346704,2.99805068226121,2.9141062977794,3.0094253411306,2.98848669944442,3.15402305411438,2.80343064794284,2.84615384615385,2.89108910891089,2.79878048780488,2.83939393939394,2.78097744360902,2.77903394255875,2.75001825544344,2.78939024390244,2.7481955720877,2.80343064794284,2.93296296296296,2.78717948717949,2.64156206415621,2.61689189189189
"02145","Somerville","MA","Boston","Middlesex",83,,,,,,,,,,,,,,,,,,,,,,,,,,,,,,,,,,,,,,,,,,,,,,,,,,,,,,,,,,,,,,,,,,,,,,,1.84210526315789,1.89957729468599,1.65,1.77935222672065,2,2,2.30492424242424,2.27083333333333,2.1,2,2,1.92
"10037","New York","NY","New York","New York",84,,,,,,,,,,,,,,,,,,,,,,,,,,,,,,,,,,,,,,,,,,,,,,,,,,,,,,,,,,,,,,,,,,,,,3.52013793103448,3.31100165818836,3.31045749812333,3.27102803738318,3.24907611019486,3.34830681652314,3.42857142857143,3.17350503970854,3.3623417721519,3.25,3.29285714285714,3.48581848969358,3.32278481012658,3.3501283063561
"33301","Fort Lauderdale","FL","Miami-Fort Lauderdale","Broward",85,,,,,,,,,,,,,,,,,,,,,,,,,,,,,,,,,,,,,,,,,,,,,,,,,,,,,,,,,,,,,,,,,,,,,,1.98717948717949,1.88555555555556,1.92616372391653,2.0924149956408,1.9702842377261,1.94748007889735,2.03867868130097,2.00642054574639,2.00612195194146,2.00291167906826,2.05619047619048,2.05222222222222,2.04896825396825
"02478","Belmont","MA","Boston","Middlesex",86,,,,,,,,,,,,,,,,,,,,,,,,,,,,,,,,,,,,,,,,,1.53846153846154,1.53846153846154,1.55,1.56521739130435,1.51274926446551,1.49642857142857,1.49821428571429,1.45227272727273,1.47916666666667,1.61677886705998,1.79597701149425,1.70979020979021,1.66666666666667,1.69230769230769,1.6,1.56976744186047,1.66666666666667,1.64456644144144,1.63288288288288,1.625,1.66666666666667,1.75015194594691,1.68010752688172,1.81818181818182,1.73611111111111,1.64804526748971,1.58083262890955,1.5,1.57738095238095,1.7,1.55013550135501,1.68333333333333,1.83531256351442,1.78856595336953,1.81818181818182,1.75720675944334,1.94250194250194,1.91742081447964,1.75,1.79166666666667,1.80061917995222,1.82076670220327
"32801","Orlando","FL","Orlando","Orange",87,,,,,,,,,,,,,,,,,,,,,,,,,,,,,,,,,,,,,,,,,,,,,,,,,,,,,,,,,,,,,,,,,,,,,,,1.54867256637168,1.63356595275608,1.71891620263122,1.65850424170793,1.66331198536139,1.74643157010915,1.7749794541772,1.91212367778682,1.85212298682284,1.8181897732948,1.65369649805447,1.55464307651935
"02140","Cambridge","MA","Boston","Middlesex",88,,,,,,,,,,,,,,,,,,,,,,,,,,,,2.72851352469187,2.72727272727273,2.65612244897959,2.51376146788991,2.45738636363636,2.40909090909091,2.58817427385892,2.53333333333333,2.601246105919,2.601246105919,2.63636363636364,2.72727272727273,2.98661174047374,2.74712591194586,2.7437537208811,2.79351446099912,2.60072840790843,2.72321428571429,2.69989615784008,2.68561643835616,2.73406588279209,2.66295994410806,2.71741609644835,2.82142857142857,2.896,2.69444444444444,2.66666666666667,2.55474452554745,2.6,2.6,2.52737226277372,2.48529411764706,2.5121359223301,2.63322884012539,2.85205536912752,3.08333333333333,2.77421012072951,2.83333333333333,2.78571428571429,2.77777777777778,2.75316979051819,2.75316979051819,2.70607826810991,2.44444444444444,2.66666666666667,2.82182222222222,2.95387323943662,2.90909090909091,3.04083635265701,2.9665991902834,2.75,2.66666666666667,2.62828947368421,2.59090909090909,2.64485815293577
"33154","Bal Harbour","FL","Miami-Fort Lauderdale","Miami-Dade",89,,,,,,,,,,,,,,,,,,,,,,,,,,,,,,,,,,,,,,,,,,,,,,,,,,,,,,,,,,,,,,,,,,,,,,2.33238937114663,2.284068227182,2.03045685279188,1.91709844559585,2.11457085828343,2.07547169811321,2.13485972011846,2.41448692152917,2.39007936507937,2.44181136199916,2.55606060606061,2.46913580246914,2.50113519331134
"02114","Boston","MA","Boston","Suffolk",90,,,,,,,,,,,,,,,,,,,,,,,3.58518518518519,3.48101265822785,3.396,3.44505494505495,3.4,3.6551724137931,3.98811096433289,3.81944444444444,3.69317160826595,3.45732221493488,3.52223825418113,3.52009744214373,3.62116991643454,3.90835579514825,4.02557856272838,4.04818092428712,4.04705882352941,3.95894607843137,3.85225885225885,3.98860398860399,3.42625899280576,3.72250859106529,3.79929867986799,3.753,3.63636363636364,3.81818181818182,3.81276063386155,3.77810304449649,4,3.79285230352304,3.80972222222222,3.55050505050505,3.57142857142857,3.63636363636364,3.67543859649123,3.6179620073976,3.65853658536585,3.73831775700935,3.79166666666667,3.8,3.78515625,3.99222074835572,3.81944444444444,3.67465082087724,3.40163934426229,3.27642307692308,3.71293800539084,3.71293800539084,3.60109289617486,3.64510489510489,3.35543718871057,3.73504043126685,3.62116991643454,3.79166666666667,3.58331223094454,3.54545454545455,3.62116991643454,3.55555555555556,3.59629924393156,3.53812426478452
"60661","Chicago","IL","Chicago","Cook",91,,,,,,,,,,,,,,,,,,,,,,,,,,2.98353741698292,2.88075560802834,2.88781163434903,2.82739726027397,2.8099173553719,2.66688089117395,2.57260726072607,2.6742301458671,2.54578754578755,2.83870967741935,2.89110429447853,2.81553398058252,2.60233918128655,2.51480763233804,2.48245614035088,2.39327883742053,2.48878923766816,2.81460345141727,2.86327077747989,2.81553398058252,2.66534321531345,2.57579294925834,2.61635944700461,2.79930795847751,2.77477766783236,2.84406779661017,2.91748014484375,2.9765625,2.98509485094851,2.92131235633042,2.92171481826654,2.91550603528319,2.92803738317757,2.81743035037642,2.91645244215938,2.76431924882629,2.77798682972719,2.79431480228478,2.7798833819242,2.73093045389614,2.81625,2.8234101579172,2.76019575856444,2.79999480708314,2.91293301387641,2.73910952916198,2.71451483560545,2.7027027027027,2.71045410578641,2.71451483560545,2.7007874015748,2.66768640122299,2.66485998193315,2.67543859649123,2.74522292993631,2.77653631284916,2.70027954553626
"02129","Boston","MA","Boston","Suffolk",92,,,,,,,,,,,,,,,,,,,,,2.79741092241092,2.7654953145917,2.78959092182684,2.73835616438356,2.74736842105263,2.74736842105263,2.73835616438356,2.74736842105263,2.63303477344573,2.71863711001642,2.75362068965517,2.84499584717608,2.8328488372093,2.94,2.98809523809524,2.92280701754386,3,3.03448275862069,3.03448275862069,2.88395997574287,2.93140350877193,2.92280701754386,2.94736842105263,3.03846153846154,3.00080906148867,3,3,3,3,3,2.9732202702226,2.92307692307692,2.92307692307692,3.04833880978459,2.90797987059669,2.85597762759264,2.83481360642861,2.90460721924896,2.91028457463889,2.95725877816757,3.01650518407629,2.93503910463862,2.90336496980155,2.80085617574832,3,2.74642857142857,2.82740619902121,2.775,2.70833333333333,2.909796314258,3.03846153846154,2.95238095238095,3,2.53333333333333,2.68248532289628,2.92379218008723,2.97534331277247,2.97982774069081,2.88888888888889,2.80701754385965,2.70135135135135,2.7
"33132","Miami","FL","Miami-Fort Lauderdale","Miami-Dade",93,,,,,,,,,,,,,,,,,,,,,,,,,,,,,,2.17391304347826,2.22508059126469,2.26933433192461,2.23021582733813,2.34301780693533,2.30547550432277,2.32213294934935,2.30414746543779,2.30658390600754,2.33772723247606,2.42483026188167,2.39802677942213,2.39802677942213,2.39605355884426,2.40202275600506,2.38749122183005,2.30029766811285,2.30224321133412,2.30414746543779,2.31397459165154,2.29835212489159,2.4,2.40967741935484,2.39276990964913,2.4,2.44519392917369,2.44519392917369,2.43142144638404,2.42483026188167,2.42209255029567,2.4171021065431,2.41545893719807,2.389486260454,2.37953683256894,2.38198398943633,2.389486260454,2.389486260454,2.38322428207924,2.38568588469185,2.35507246376812,2.30414746543779,2.30414746543779,2.29835212489159,2.28813559322034,2.30414746543779,2.35732009925558,2.29681874234654,2.3278370514064,2.3278370514064,2.31197771587744,2.31197771587744,2.31197771587744,2.32142857142857
"02141","Cambridge","MA","Boston","Middlesex",94,,,,,,,,,,,,,,,,,,,,,,,,,,,,,,,,,,,,,,,,,,,,,,,3,2.96946564885496,3.15174942669664,3.21428571428571,3.21428571428571,3.18965517241379,3.15470494417863,3.2,3.03643724696356,2.875,2.95238095238095,2.86805555555556,2.96139189731247,2.82608695652174,2.84476153993488,2.84302375439499,2.83333333333333,2.98888888888889,2.98888888888889,3.15037593984962,3,3.17795086262703,3.20982142857143,3,2.95833333333333,2.96957801766438,3.17460317460317,3,3,3.08333333333333,3.26315789473684,3.075,2.95643939393939,2.90584415584416,2.75,2.9004329004329
"10018","New York","NY","New York","New York",95,,,,,,,,,,,,,,,,,,,,,,,,,,,,,,,,,,,,,,,,,,5.26933701657459,5.2202868852459,5.14677057131933,5.02396215208798,5.13580876914787,5.04756871035941,5.00375375375375,5.07550849311074,5.09014812403353,5.03184713375796,5.14677057131933,5.13333333333333,5.15130998429462,5.18828451882845,5.18237755353187,5.17647058823529,5.11320069126887,5.05841911588499,5.1081359423275,5.14935988620199,5.18828451882845,5.15113962799442,5.15113962799442,5.17441860465116,5.19148936170213,5.27913078758103,5.15291936978684,5.14418125643666,5.1425131634296,5.15113962799442,5.13580876914787,5.12847972284492,5.23961661341853,5.2,5.24226418900641,5.2,5.27777777777778,5.19333333333333,5.05844155844156,5.00750750750751,5.1081359423275
"10005","New York","NY","New York","New York",96,,,,,,,,,,,,,,,,,,,,,,,,,,,,,,,,,,,,,,,,,,4.79307692307692,4.91803278688525,4.81029810298103,4.74074074074074,4.72222222222222,4.8365617433414,4.97098646034816,4.88911290322581,4.88911290322581,4.75851851851852,4.92772986387538,4.88805970149254,4.86434223541048,4.93354212613304,4.8772668300418,4.73183982096763,4.72222222222222,4.71527777777778,4.72952086553323,4.72587154387773,4.75,4.76528213166144,4.72587154387773,4.72952086553323,5.02606087507099,4.72587154387773,4.72222222222222,4.59683496608892,4.72222222222222,4.70601851851852,4.79744136460554,4.67774683838032,4.7698711548519,4.92711668719212,4.90615813189211,5.11356048703849,5.15495867768595,5.01287516137388,4.88966459056565,4.85436893203883,4.92544533376452
"02458","Newton","MA","Boston","Middlesex",97,,,,,,,,,,,,,,,,,,,,,,,,,,,,1.82,1.9,1.775,1.72885572139303,1.6,1.59090909090909,1.56200980392157,1.54545454545455,1.54166666666667,1.66666666666667,1.66666666666667,1.71428571428571,1.83333333333333,1.94804318488529,1.83333333333333,1.67424242424242,1.67652859960552,1.6,1.61290322580645,1.75,1.87329434697856,1.66666666666667,1.75,1.91666666666667,1.86174068402246,1.83333333333333,1.73623188405797,1.73333333333333,1.70588235294118,1.66666666666667,1.64285714285714,1.56142533936652,1.6,1.81818181818182,1.78921568627451,1.73880597014925,1.70588235294118,1.90909090909091,1.80392156862745,1.73880597014925,1.74466666666667,1.69230769230769,1.61538461538462,1.6875,1.79347826086957,1.75,1.82572614107884,1.84615384615385,1.80048118480954,1.74548257786001,1.66666666666667,1.66666666666667,1.76,1.76,1.76333333333333
"10280","New York","NY","New York","New York",98,,,,,,,,,,,,,,,,,,,,,,,,,,,,,,,,,,,,,,,,,,,,,,,,,,,,,,,,,,,,,,,,,,,,,4.67464812544909,4.54545454545455,4.41676670668267,4.56588301837973,4.59340237821251,4.61836561743341,4.73965287049399,4.99124343257443,4.99617834394904,4.75404326834712,4.50954184704185,4.65704919842093,4.6641937543684,4.63235294117647
"02113","Boston","MA","Boston","Suffolk",99,,,,,,,,,,,,,,3.29230769230769,3.2,3.3,3.34179357021997,3.32325268817204,3.18875,3.02325581395349,3,2.88888888888889,2.96764705882353,3,3.15207373271889,3.25,3.33333333333333,3.25,3.25,3.29113924050633,3.29113924050633,3.29241317011593,3.26315789473684,3.17063492063492,3.07692307692308,3.4005076142132,3.29113924050633,3.33333333333333,3.33333333333333,3.3502538071066,3.6,3.5,3.41042780748663,3.4,3.33333333333333,3.31666666666667,3.39230769230769,3.40532060027285,3.54545454545455,3.55844155844156,3.5,3.53096903096903,3.66666666666667,3.66169154228856,3.57854297097325,3.5,3.42857142857143,3.38461538461538,3.35846153846154,3.57142857142857,3.57142857142857,3.58514724711908,3.65217391304348,3.66031746031746,3.6,3.65217391304348,3.64583333333333,3.31666666666667,3.5,3.26315789473684,3.5,3.37980769230769,3.38461538461538,3.5625,3.66666666666667,3.71428571428571,3.81818181818182,3.66666666666667,3.54195804195804,3.55555555555556,3.42857142857143,3.52272727272727
"02111","Boston","MA","Boston","Suffolk",100,,,,,,,,,,,,,,,,,,,,,,,,,,,,,,,,,,,,,,,,,,,,,,,,,,,,,,,,,,,,,,,,,,,,,,3.97368421052632,3.98190045248869,4.39276485788114,4.25790754257908,4.20527441197434,4.25127193865412,4.11900889006249,3.90374746401314,3.79634703196347,3.51094322116739,3.53741496598639,3.42065217391304,3.83352286223278
"11109","New York","NY","New York","New York",101,,,,,,,,,,,,,,,,,,,,,,,,,,,,,,,,,,,,,,,,,,,,,,,,,,,,,,,,,,,,,,,,,,,,,,4.13603139497249,3.97189349112426,4.08725092115963,4.07216494845361,4.09331925695713,4.13744740532959,4.21428571428571,4.21407185628743,4.21241050119332,4.32133131230089,4.19059402912027,3.996595806122,4.00684170776134
"10282","New York","NY","New York","New York",102,,,,,,5.14161392405063,5.09375,4.9984375,4.96774193548387,4.93202764976959,4.92783505154639,5,5.07423687423687,5.08823529411765,5.22091346153846,5.35,5.39256198347107,5.52564664163538,5.31302876480541,5.36737207670238,5.33294581924667,5.40665434380776,5.42857142857143,5.23129894058038,5.26577380952381,5.39921465968586,5.43086058239792,5.5,5.54187192118227,5.60714285714286,5.6247717348154,5.59054812111381,5.59296296296296,5.62538118123491,5.63613053613054,5.65428109854604,5.71065989847716,5.63818181818182,5.6569696969697,5.83333333333333,5.82706766917293,5.86776859504132,5.90622182146078,5.87878787878788,5.84415584415584,5.8354114713217,5.83437240232751,5.8732782369146,5.89660743134087,5.90909090909091,5.95022989934137,5.9375,5.97554993477041,6.05142857142857,5.97014925373134,5.92237895819558,6.025,6.05366492146597,6.00454545454545,5.93979933110368,5.87878787878788,5.72942643391521,5.82971014492754,5.86776859504132,5.85055096418733,5.83333333333333,5.83955223880597,5.76806722689076,5.85055096418733,5.93548387096774,5.67901234567901,5.88363691310201,5.90844727780827,5.96967026229571,6.06254674644727,6.27164322250639,6.0634328358209,6.21375310687655,6.11875,6.11875,5.95833333333333,5.86875
"10006","New York","NY","New York","New York",103,,,,,,,,,,,,4.35714285714286,4.35584415584416,4.35294117647059,4.41509433962264,4.40918803418803,4.5,4.4375,4.42708333333333,4.53636363636364,4.52127659574468,4.47413793103448,4.5,4.53846153846154,4.50409836065574,4.44606413994169,4.49166666666667,4.46886446886447,4.54163475216107,4.57333333333333,4.52620151615515,4.52380952380952,4.53917050691244,4.5448275862069,4.50664136622391,4.50713359273671,4.49521598968408,4.53636363636364,4.53636363636364,4.54164456233422,4.55384615384615,4.61538461538461,4.61721611721612,4.56477732793522,4.59718670076726,4.66582597730139,4.65571205007825,4.65571205007825,4.65451055662188,4.70876733657452,4.65818759936407,4.53484848484849,4.65451055662188,4.68705547652916,4.59718670076726,4.64432284541724,4.7286798777482,4.59375,4.55631578947368,4.48460508701473,4.4800647812696,4.58058878238769,4.58940856915735,4.65485074626866,4.48896921017403,4.53351354971476,4.53636363636364,4.69208108365337,4.49333333333333,4.56735976789168,4.45628075628076,4.52201257861635,4.65798092868988,4.65485074626866,4.78434504792332,5.04563734410184,4.93653737738189,5.18672199170125,5.05231689088191,5.13786028991356,5.12477718360071,5.04780346708598
