"RegionName","City","State","Metro","CountyName","SizeRank","2010-10","2010-11","2010-12","2011-01","2011-02","2011-03","2011-04","2011-05","2011-06","2011-07","2011-08","2011-09","2011-10","2011-11","2011-12","2012-01","2012-02","2012-03","2012-04","2012-05","2012-06","2012-07","2012-08","2012-09","2012-10","2012-11","2012-12","2013-01","2013-02","2013-03","2013-04","2013-05","2013-06","2013-07","2013-08","2013-09","2013-10","2013-11","2013-12","2014-01","2014-02","2014-03","2014-04","2014-05","2014-06","2014-07","2014-08","2014-09","2014-10","2014-11","2014-12","2015-01","2015-02","2015-03","2015-04","2015-05","2015-06","2015-07","2015-08","2015-09","2015-10","2015-11","2015-12","2016-01","2016-02","2016-03","2016-04","2016-05","2016-06","2016-07","2016-08","2016-09","2016-10","2016-11","2016-12","2017-01","2017-02","2017-03","2017-04","2017-05","2017-06","2017-07","2017-08","2017-09","2017-10","2017-11"
"10025","New York","NY","New York","New York",1,,,,2675,2517.5,2600,2617.5,2750,2775,2775,2750,2825,2785,2785,2725,2695,2775,2800,2895,2800,2885,2850,2999.5,3125,3297.5,3185,3000,3000,3000,3100,3200,3200,3250,3200,3200,3200,3250,3200,3200,3250,3207.5,3250,3295,3250,3200,3195,3000,3182.5,3158,3100,3150,3145,3197.5,3195,3190,3100,3072.5,3050,3100,3150,3195,3195,3175,3150,3162,3175,3037.5,3012.5,3240,3200,3095,3200,3295,3200,3000,3200,3097.5,3100,3112,3100,3070,3200,3250,3295,3202,3103
"60657","Chicago","IL","Chicago","Cook",2,,,,,,1195,1215,1250,1342.5,1275,1260,1275,1295,1250,1250,1345,1475,1400,1450,1495,1600,1600,1497.5,1560,1545,1570,1500,1500,1500,1495,1500,1550,1525,1425,1480,1400,1350,1425,1425,1495,1500,1465,1495,1525,1500,1500,1450,1437.5,1550,1555,1595,1600,1525,1550,1645,1695,1745,1695,1545,1540,1473.5,1472,1450,1432.5,1490,1550,1575,1595,1647.5,1550,1460,1460,1500,1445,1460,1490,1525,1550,1545,1600,1650,1595,1595,1595,1595,1520
"10023","New York","NY","New York","New York",3,,,,,,,,,,,3200,3300,3100,3143.5,3250,3195,3200,3195,3200,3250,3295,3200,3350,3300,3300,3325,3200,3200,3100,3226,3200,3200,3300,3300,3399,3495,3500,3400,3400,3400,3400,3437.5,3450,3450,3495,3400,3500,3429,3395,3440,3375,3350,3447,3462.5,3495,3250,3295,3399,3420,3422.5,3300,3295,3300,3250,3250,3250,3300,3297.5,3200,3238,3199,3250,3350,3279.5,3200,3164,3230,3200,3200,3245,3299,3400,3300,3300,3400,3350
"60614","Chicago","IL","Chicago","Cook",4,,,,,1475,1430,1500,1500,1595,1500,1445,1532.5,1550,1625,1600,1600,1585,1575,1600,1750,1845,1765,1694,1657.5,1700,1697,1600,1694.5,1697.5,1695,1695,1835,1802.5,1840,1717.5,1666,1597.5,1665,1675,1750,1700,1650,1675,1640,1795,1750,1750,1800,1895,1950,1895,1935,1850,1700,1750,1895,1995,1895,1895,1895,1835,1950,1967,1900,1970,1900,1850,1900,1945,1850,1660,1725,1595,1650,1595,1650,1690,1750,1750,1800,1875,1945,1880,1875,1820,1850
"10002","New York","NY","New York","New York",5,,,,,,,,,,,,,,,,,2500,2500,2687.5,2600,2600,2600,2595,2572.5,2725,2825,2600,2595,2597.5,2650,2695,2700,2750,2750,2750,2750,2800,2763.5,2745,2750,2700,2795,2795,2795,2875,2941.5,3045,3000,3000,3050,3100,2972.5,3000,2995,2972.5,2895,3150,3150,3197,3295,3100,3090,3000,3100,3092,3025,2950,2997.5,3300,3075,3197.5,3234.5,2995,3200,2987,2900,3200,3062.5,3075,3200,3200,3200,3196.5,3100,2995,2947
"60640","Chicago","IL","Chicago","Cook",6,,,,,,,,,,,,,,,,,,,,,,,,,,1175,1145,1145,1135,1150,1100,1100,1125,1145,1150,1195,1175,1175,1150,1190,1175,1177,1175,1175,1175,1195,1195,1200,1197.5,1250,1200,1200,1200,1195,1195,1200,1205,1300,1275,1225,1275,1295,1250,1250,1275,1350,1325,1300,1325,1290,1250,1225,1250,1200,1175,1200,1295,1295,1350,1350,1350,1350,1350,1300,1350,1300
"10467","New York","NY","New York","Bronx",7,,,,,,,,,,,,,,,,,,,,,,,1200,1200,1200,1195.5,1300,1300,1300,1250,1295,1292,1250,1275,1275,1250,1250,1200,1200,1249,1250,1250,1250,1200,1205,1250,1300,1300,1250,1275,1300,1300,1300,1300,1300,1300,1350,1400,1400,1400,1400,1400,1400,1400,1400,1400,1450,1400,1400,1450,1400,1450,1495,1475,1450,1450,1485,1475,1499,1500,1500,1500,1525,1512.5,1550,1500
"94109","San Francisco","CA","San Francisco","San Francisco",8,,,,,,,,,,,,,,,,,,,,,,,,,,,,,,,,,,,,,,,3772.5,3625,3372.5,3200,3400,3600,3600,3675,3800,3900,3997.5,3947.5,4000,4200,3975,3850,3800,3800,3900,3995,3997.5,3860,3795,3812.5,3675,4150,4000,3650,4000,4245,3750,4082.5,3552.5,3625,3497.5,3600,3600,3550,3472.5,3495,3400,3575,3575,3500,3400,3295,3200,3195
"11226","New York","NY","New York","Kings",9,,,,,,,,,,,,,,1487.5,1400,1385,1300,1295,1350,1275,1350,1400,1400,1350,1399.5,1375,1500,1550,1500,1500,1499,1600,1700,1700,1750,1700,1600,1550,1600,1650,1650,1650,1675,1750,1795,1775,1750,1750,1800,1800,1795,1750,1750,1800,1850,1950,1850,1837,1895,1895,1950,1900,1900,1900,1900,1900,1900,1950,1999,1999,1961,2100,1931.5,2000,1846,1900,1900,1950,1950,1975,2000,2050,2000,2000,2000,1950
"10016","New York","NY","New York","New York",10,,,,2500,2525,2700,2750,2800,2850,2895,2900,2900,2950,2995,2900,2900,2925,2900,2930,3095,3095,3095,3160.5,3150,3160.5,3125,3050,3000,3000,3000,3000,3100,3100,3170.5,3200,3195,3181,3100,3100,3085,3100,3125,3150,3200,3200,3450,3438.5,3400,3389,3400,3448,3395,3400,3495,3450,3424,3400,3395,3393,3350,3300,3300,3295,3250,3297,3297.5,3300,3312.5,3300,3300,3295,3350,3400,3300,3300,3245,3295,3300,3386,3400,3395,3400,3400,3395.5,3395,3300
"11375","New York","NY","New York","Queens",11,,,,,,,,,,,,,1900,2000,1900,1995,1972.5,2100,2000,2100,1950,1950,1925,1837.5,1875,1862.5,1995,1895,1912.5,1895,1900,1897.5,2000,2000,2000,1968,1925,1925,1950,1950,1950,1950,1925,1995,1975,2000,1950,2015,2000,1950,2000,2050,2050,2000,2100,2150,2175,2195,2200,2200,2200,2250,2250,2250,2200,2195,2150,2200,2150,2250,2195,2200,2200,2200,2100,2100,2100,2000,2000,1997,2000,2000,2100,2100,2100,2095
"11235","New York","NY","New York","Kings",12,,,,,,,,,,,,,,,,,,,,,,,,,,,,,,,,,,,,,,,,,,,,,,,,,,,,,,,,,,,,,,,,,,,,,,,,,,,2100,2100,1800,1950,1950,2150,2200,2250,2200,2185,2100,1995
"60647","Chicago","IL","Chicago","Cook",13,,,,,,,,,,,1050,1100,1195,1199,1192,1200,1195,1200,1295,1322.5,1172.5,1150,1200,1300,1295,1250,1250,1297.5,1295,1295,1295,1295,1250,1250,1275,1250,1262.5,1350,1295,1300,1350,1300,1350,1250,1295,1325,1300,1295,1250,1295,1295,1395,1395,1250,1400,1400,1450,1395,1350,1395,1400,1400,1400,1400,1450,1450,1450,1395,1480,1412.5,1372.5,1400,1300,1472.5,1595,1425,1450,1550,1595,1595,1600,1600,1650,1600,1650,1750
"90250","Hawthorne","CA","Los Angeles-Long Beach-Anaheim","Los Angeles",14,,,,,,,,,,,,,,,,,,,,,,,,,,,,,,,,,,,,,,,,,,,,,,,,,,,,,,,,,,,,,,,,,,,,,1150,1200,1150,1250,1250,1250,1250,1295,1275,1295,1300,1300,1295,1342.5,1350,1325,1350,1312.5
"10009","New York","NY","New York","New York",15,,,,,2900,2600,2595,2595,2650,2660,2695,2690,2800,2900,2895,2895,2895,2812.5,2895,2950,2990,2950,2900,3000,3000,2995,2895,2895,2900,2895,2900,2995,3000,3075,3000,3100,3100,3100,3000,3000,3095,3090,3095,3195,3100,3134,3185,3200,3195,3092.5,3000,3000,3000,3000,3195,3050,3150,3150,3200,3240,3135,2995,3000,2963,2982.5,2995,3095,3297.5,3287,3250,3297.5,3095,3000,3121,2995,2984.5,3000,3000,3200,3200,3195,3200,3200,3000,3050,2899
"60618","Chicago","IL","Chicago","Cook",16,,,,,,,,,,1200,1295,1125,1175,1287.5,1300,1325,1400,1395,1350,1250,1200,1350,1275,1300,1295,1200,1250,1287.5,1250,1257.5,1250,1350,1295,1400,1487.5,1400,1300,1300,1350,1350,1350,1350,1350,1450,1300,1400,1425,1400,1425,1375,1350,1350,1450,1275,1300,1350,1495,1425,1450,1400,1400,1400,1400,1400,1400,1400,1462.5,1497.5,1500,1495,1450,1485,1350,1362.5,1430,1400,1425,1445,1475,1550,1550,1545,1530,1485,1495,1495
"10011","New York","NY","New York","New York",17,,,,,,2800,2800,2795,2847.5,2895,2795,2835,3000,3212.5,3212.5,3250,3300,3300,3295,3495,3400,3400,3441,3475,3350,3400,3287.5,3270,3295,3300,3400,3400,3450,3495,3500,3500,3600,3500,3500,3500,3500,3500,3575,3537.5,3600,3500,3500,3622.5,3625,3600,3695,3750,3700,3650,3795,3650,3550,3550,3700,3695,3795,3495,3450,3495,3515,3525,3500,3600,3600,3500,3600,3550,3750,3500,3500,3510,3600,3595,3699,3795,3742.5,3695,3700,3695,3725,3710
"10029","New York","NY","New York","New York",18,,,,,,,,,,,,,,,,,,,,,,,,,,,,,,,,,,,,,,,,,,,,,,,,,,,,,,,,,,,,,,,,,,,2800,2800,2850,2800,2850,2900,2895,2895,2900,2850,2700,2700,2725,2750,2797.5,2750,2700,2700,2650,2600
"10128","New York","NY","New York","New York",19,,,,,,,2550,2495,2450,2495,2500,2500,2550,2595,2550,2600,2695,2600,2642.5,2695,2695,2650,2675,2700,2695,2750,2750,2700,2700,2750,2700,2695,2700,2695,2695,2700,2795,2700,2700,2650,2695,2725,2760,2750,2750,2694,2700,2700,2695,2695,2697.5,2695,2725,2750,2750,2650,2700,2700,2750,2795,2750,2695,2650,2670,2725,2750,2700,2750,2700,2699,2695,2700,2795,2675,2700,2697,2750,2750,2775,2700,2750,2795,2800,2845,2799.5,2795
"11201","New York","NY","New York","Kings",20,,,,,2500,2500,2500,2350,2474.5,2500,2545,2650,2685,2750,2750,2800,2797.5,2799,2775,2769,2825,2850,2850,2900,2930,2950.5,3008,3044.5,3000,2958,2930,3000,3100,3100,3100,3150,3125,3075,3000,2895,2900,2900,2950,3025,3163,3000,3095,3105,3168,3075,3136.5,3200,3320,3355,3342.5,3450,3300,3214,3200,3200,3200,3270,3300,3300,3400,3385,3295,3200,3220,3270,3150,3245,3200,3175,3100,3100,3150,3100,3167,3125,3124,3150,3207,3185,3233.5,3150
"90046","Los Angeles","CA","Los Angeles-Long Beach-Anaheim","Los Angeles",21,,,,,,,,,,,,,,,,,,,,,,,,,,,,,,,,,,,,,,,,,,,,,,,,,,,,,,,,,,,,,,,,,,,,,,,,2347.5,2325,1972.5,2100,2400,2395,2400,2590,2347.5,2400,2495,2462.5,2482.5,2492.5,2475
"20009","Washington","DC","Washington","District of Columbia",22,,,,,,,,,,,,,,,,,,,,,,,,,,,,,,,,,,,2875,2499,2350,2400,2385,2395,2395,2395,2395,2297.5,2670,2790,2910,2850,2910,2940,2700,2700,2730,2800,2730,2730,2699,2400,2387.5,2620,2695,2699,2730,2750,2850,2890,2880,2890,2865,3035,2850,2700,2850,2800,2850,2700,2730,2850,2850,2850,2850,2900,2900,2850,2737.5,2730
"10462","New York","NY","New York","Bronx",23,,,,,,,,,,,,,,,,,,,,,,,,,,,,,,,1222.5,1275,1300,1250,1295,1247.5,1250,1295,1225,1250,1278,1250,1250,1300,1300,1325,1326,1350,1339,1350,1300,1300,1350,1399,1400,1399.5,1425,1475,1450,1425,1396,1395,1450,1450,1450,1450,1450,1450,1450,1500,1500,1500,1600,1500,1525,1650,1500,1450,1462.5,1550,1575,1600,1662.5,1700,1750,1662.5
"10456","New York","NY","New York","Bronx",24,,,,,,,,,,,,,,,,,,,,,,,,,,,,,,,,,,,,,,,,,,,,,,,,,,,,,,,,,,,,,,,,,,,,,,,,,,,1600,1600,1599,1650,1650,1650,1650,1637.5,1695,1750,1725,1695
"10003","New York","NY","New York","New York",25,2897.5,3097.5,2900,3225,3250,3000,3000,3000,3000,3195,2995,3072.5,3195,3200,3200,3200,3301,3150,3197.5,3300,3300,3299,3295,3300,3300,3250,3150,3195,3200,3250,3200,3250,3300,3300,3300,3330,3300,3323,3400,3350,3395,3400,3400,3500,3600,3570,3490,3400,3483,3500,3595,3625,3600,3600,3700,3300,3300,3337.5,3400,3450,3449.5,3395,3450,3395,3350,3390,3400,3395,3350,3295,3300,3292.5,3350,3300,3267.5,3295,3300,3350,3500,3495,3450,3495,3450,3400,3300,3250
"60613","Chicago","IL","Chicago","Cook",26,,,,,,,,,,,,,,,,,,,,,,,,,,,,,,,,,,,,,,,,,,,,,,,,1395,1350,1375,1305,1350,1385,1395,1500,1550,1595,1695,1550,1495,1445,1442.5,1445,1450,1412.5,1485,1500,1575,1595,1450,1495,1460,1350,1395,1495,1475,1492.5,1475,1495,1595,1647.5,1645,1500,1550,1550,1572.5
"11206","New York","NY","New York","Kings",27,,,,,,,,,,,,,,,,,,,,,,,,,,,,2295,2297.5,2272.5,2325,2299,2300,2400,2600,2600,2580,2599,2500,2540,2500,2500,2500,2500,2600,2600,2700,2700,2700,2700,2600,2600,2600,2600,2650,2700,2800,2700,2800,2800,2700,2799,2850,2850,2847.5,2785,2700,2750,2750,2700,2750,2800,2650,2750,2550,2550,2500,2550,2600,2649,2692.5,2700,2750,2700,2625,2590
"10463","New York","NY","New York","Bronx",28,,,,,,,,,,,,,,,,,,,,,,,,,,,,,,,,,,,,,,,,,,,,,,,,1697,1700,1750,1675,1650,1750,1700,1800,1875,1850,1850,1850,1900,1812.5,1812.5,1810,1850,1850,1850,1925,1887.5,1895,1950,1795,1900,1950,1850,1847.5,2100,1950,2033.5,2000,2100,2195,2200,2100,2000,1998,1950
"11230","New York","NY","New York","Kings",29,,,,,,,,,,,,,,,,,,,,,,,,,,,1450,1550,1437,1400,1400,1450,1450,1449.5,1475,1500,1525,1500,1550,1500,1500,1550,1575,1612.5,1600,1600,1600,1550,1537.5,1525,1550,1600,1650,1650,1700,1800,1800,1650,1700,1700,1700,1749,1750,1775,1800,1850,1800,1850,1800,1897.5,1900,1800,1700,1770,1795,1850,1875,1937.5,1950,1895,1900,1850,1737.5,1819,1850,1837.5
"11209","New York","NY","New York","Kings",30,,,,,,,,,,,,,,,,1550,1500,1575,1600,1550,1550,1497.5,1700,1600,1700,1700,1600,1500,1525,1650,1650,1600,1550,1550,1600,1600,1600,1600,1600,1600,1600,1600,1600,1650,1700,1695,1675,1700,1700,1700,1700,1700,1700,1700,1750,1700,1750,1700,1800,1800,1825,1812.5,1850,1900,1912.5,1995,1932.5,1937.5,1950,1900,2000,1950,1900,1850,1900,1897.5,1985,1900,2000,1950,1950,1900,1850,1850,1848,1800
"60625","Chicago","IL","Chicago","Cook",31,,,,,,,,,,995,1050,1065,1050,1012.5,1080,925,1050,1150,1185,1100,1100,1150,1340,1300,1295,1200,1200,1200,1197.5,1200,1195,1200,1172.5,1150,1250,1227.5,1150,1200,1200,1250,1200,1200,1200,1200,1200,1237.5,1300,1288,1288,1250,1200,1275,1200,1200,1275,1300,1295,1395,1400,1400,1300,1340,1357.5,1375,1385,1300,1350,1295,1325,1325,1340,1350,1300,1385,1395,1350,1350,1350,1375,1395,1395,1405,1450,1450,1450,1375
"11212","New York","NY","New York","Kings",32,,,,,,,,,,,,,,,,,,,,,,,,1700,1650,1462.5,1425,1600,1500,1550,1625,1762.5,1800,1750,1650,1500,1500,1500,1500,1500,1500,1500,1475,1500,1532.5,1500,1500,1500,1500,1500,1500,1400,1422.5,1500,1600,1600,1650,1600,1600,1600,1600,1600,1700,1750,1700,1700,1725,1750,1800,1700,1650,1775,1700,1699.5,1700,1767.5,1785,1800,1900,1862.5,1850,1800,1800,1800,1850,1800
"10024","New York","NY","New York","New York",33,,,,,2625,2600,2650,2600,2650,2925,2750,3050,3250,3150,3100,3000,3000,3000,3000,3000,3050,3100,3150,3200,3200,3250,3145,3100,3000,3000,3000,3068,3150,3100,3175,3250,3395,3299,3295,3250,3292.5,3300,3350,3300,3395,3430,3400,3350,3300,3350,3250,3225,3395,3380,3395,3140,3300,3339,3445,3487.5,3450,3400,3380,3380,3350,3400,3395,3380,3300,3225,3100,3250,3369,3357.5,3250,3200,3295,3150,3150,3185,3200,3200,3350,3297.5,3225,3200
"07030","Hoboken","NJ","New York","Hudson",34,,,,,,,,,,,,,,,,,,,,,,,,,,,2400,2550,2650,2650,2650,2662.5,2675,2782.5,2775,2800,2650,2700,2700,2550,2500,2450,2500,2750,2650,2750,2750,2750,2700,2675,2600,2600,2600,2612.5,2700,2750,2699,2750,2825,2782.5,2750,2725,2600,2600,2750,2757.5,2750,2700,2750,2600,2600,2800,2750,2750,2550,2750,2700,2650,2672.5,2700,2750,2790,2800,2750,2750,2757.5
"11214","New York","NY","New York","Kings",35,,,,,,,,,,,,,,,,,,,,,,,1469.5,1550,1600,1500,1400,1400,1395,1350,1350,1350,1350,1350,1400,1400,1420,1400,1437.5,1475,1500,1500,1450,1500,1500,1500,1500,1500,1525,1572.5,1500,1650,1650,1600,1647.5,1700,1650,1700,1745,1800,1800,1795,1745,1700,1745,1750,1800,1800,1750,1700,1850,1745,1800,1875,1750,1950,1895,1875,1800,1750,1900,1800,1899,1900,1899,1950
"78704","Austin","TX","Austin","Travis",36,,,,,,,,,,,,,,,,,,,,,,,,,,,,,,,,,,,,,,,,,,,,,,,,,,,,,,,,,,,,,,,,,,,,,,,,,,,1395,1350,1300,1300,1395,1395,1395,1487.5,1495,1458.5,1453.5,1350
"11229","New York","NY","New York","Kings",37,,,,,,,,,,,,,,,,,,,,,,,,,,,,,,1400,1400,1400,1425,1450,1397.5,1437.5,1500,1495,1495,1500,1525,1525,1525,1500,1500,1500,1550,1625,1550,1562.5,1550,1675,1662.5,1625,1650,1650,1600,1599,1600,1600,1700,1675,1700,1700,1750,1700,1695,1695,1650,1650,1600,1599,1650,1697,1725,1850,1850,1860,1867.5,1850,1800,1750,1825,1799.5,1750,1800
"60619","Chicago","IL","Chicago","Cook",38,,,,,,,,,,,,,,,,,,,,,,900,975,832.5,900,800,825,750,750,725,750,755,737.5,810,810,800,760,720,700,725,730,725,730,695,690,720,700,750,850,800,755,799.5,875,900,975,975,850,850,837,850,900,950,950,950,950,975,977.5,927.5,990,1000,950,977.5,910,925,950,1049,1044,1000,1044,1044,1044,1044,1044,1044,1000,1000
"90034","Los Angeles","CA","Los Angeles-Long Beach-Anaheim","Los Angeles",39,,,,,,,,,,,,,,,,,,,,,,,,,,,,,,,,,,,,,,,,,,,,,,,,,,,,,,,,,,,,,,,,,,,,,,,2310,1975,1872.5,1887.5,1825,1895,2072.5,2150,2150,1995,2275,2200,2200,2125,2272.5,2250
"10458","New York","NY","New York","Bronx",40,,,,,,,,,,,,,,,,,,,,,,,,,,1400,1297,1287.5,1250,1250,1226.5,1400,1400,1400,1300,1285,1300,1300,1295,1250,1200,1200,1200,1225,1300,1300,1300,1300,1325,1385,1300,1275,1300,1300,1350,1395,1395,1484.5,1500,1500,1467.5,1400,1450,1400,1400,1400,1450,1400,1450,1487.5,1450,1550,1525,1500,1475,1550,1550,1600,1600,1600,1600,1600,1637.5,1625,1650,1675
"11221","New York","NY","New York","Kings",41,,,,,1500,1500,1500,1599,1625,1600,1600,1625,1600,1500,1550,1525,1600,1600,1575,1600,1675,1700,1800,1712.5,1699,1700,1700,1700,1750,1750,1750,1850,1900,1950,2100,2248,2200,2200,2200,2200,2200,2200,2200,2200,2300,2300,2256,2250,2200,2200,2290,2300,2295,2300,2400,2500,2497,2499,2500,2499,2500,2500,2499,2499,2500,2400,2475,2490,2500,2500,2545,2500,2404.5,2500,2300,2399.5,2300,2350,2400,2499,2499,2499,2500,2499,2462.5,2450
"11207","New York","NY","New York","Kings",42,,,,,,,,,,,,,,,,,1500,1600,1600,1700,1600,1600,1600,1600,1600,1600,1699,1750,1800,1800,1875,1900,1850,1850,1900,1995,1900,1800,1800,1800,1800,1800,1800,1850,1800,1950,2000,2099,2100,2099.5,2049.5,2200,2200,2195,2300,2400,2300,2300,2300,2400,2400,2400,2300,2300,2300,2299,2250,2200,2374.5,2300,2400,2500,2425,2300,2125,2100,2200,2200,2249,2224.5,2250,2300,2400,2400,2300,2300
"10019","New York","NY","New York","New York",43,,,,2790,2700,2790,2767.5,2840,2850,2900,3052.5,3100,3100,3211,3200,3157.5,3100,3000,3100,3140,3195.5,3195,3195,3250,3325,3300,3300,3200,3200,3250,3257.5,3292.5,3300,3300,3300,3300,3322,3263,3226.5,3200,3218.5,3285,3300,3375,3400,3500,3500,3495,3450,3412.5,3500,3490,3500,3500,3500,3450,3450,3450,3450,3495,3400,3400,3400,3395,3497.5,3450,3500,3420.5,3333.5,3307,3350,3397.5,3389,3426.5,3387,3294,3395,3341,3395,3450,3495,3495,3459,3500,3350,3330
"11377","New York","NY","New York","Queens",44,,,,,,,,,,,,,,,,1537.5,1700,1650,1550,1612.5,1650,1575,1562.5,1537.5,1550,1550,1650,1650,1600,1600,1650,1650,1650,1700,1700,1700,1695,1659,1700,1750,1750,1750,1750,1750,1750,1850,1800,1800,1850,1800,1825,1875,1875,1875,1871,1870,1900,1900,1920,1900,1900,1900,1900,1900,1950,1900,1875,1900,2000,1925,1950,1990,1975,1937.5,1875,1850,1800,1875,1900,1900,2012.5,2000,1997.5,2000,1950,1920
"60610","Chicago","IL","Chicago","Cook",45,,,,1517,1582,1467.5,1495,1495,1575,1645,1650,1645,1640,1645,1750,1707,1694.5,1715,1745,1732.5,1740,1750,1778,1975,1790,1775,1740,1855,1773,1745,1753,1747.5,1750,1735,1750,1735,1745,1699,1725,1731,1750,1783,1798,1748.5,1858.5,1900,1877.5,1875,2027.5,1944,1975,1795,1995,1895,1895,1830,1816.5,1850,1883.5,1875,1850,1850,1869,1800,1995,1807.5,1750,1781,2000,1990,1900,1890,1895,1800,1874,1897.5,1964,2064,2200,2000,1967.5,2000,2037.5,1972.5,1940,1870
"33025","Miramar","FL","Miami-Fort Lauderdale","Broward",46,,,,,,,,,,,,,,,1500,1500,1500,1450,1475,1485,1475,1500,1500,1450,1400,1450,1475,1500,1500,1495,1450,1450,1475,1375,1450,1400,1400,1400,1400,1425,1425,1450,1450,1537.5,1550,1450,1500,1425,1450,1450,1450,1500,1500,1480,1450,1495,1400,1425,1450,1387.5,1375,1400,1412.5,1500,1500,1550,1500,1450,1475,1450,1580,1500,1525,1550,1537.5,1600,1500,1587.5,1575,1595,1600,1600,1600,1600,1600,1600
"02169","Quincy","MA","Boston","Norfolk",47,,,,,,,,,,,,,,,,,,,,,,,,,,,,,,1550,1500,1530,1525,1575,1516,1523,1500,1530,1500,1500,1500,1500,1500,1450,1492.5,1530,1600,1595,1595,1500,1516.5,1495,1550,1495,1550,1550,1550,1650,1700,1650,1750,1700,1800,1750,1750,1799,1762.5,1650,1800,1817,1675,1900,1750,1692.5,1665,1800,1721.5,1741,1650,1705,1750,1750,1795,1800,1800,1800
"11234","New York","NY","New York","Kings",48,,,,,,,,,,,,,,,,,,,,,,,,,,,,,,,,,,,,,,,,,,,,,,,,,,,,,,,,,1900,1875,1937.5,2000,2000,1875,1800,1800,1800,1899,1825,2100,2000,1848,1900,1800,1800,2000,2000,1900,1925,2000,1900,1900,1850,1837.5,2000,2000,2200,2100
"10453","New York","NY","New York","Bronx",49,,,,,,,,,,,,,,,,,,,,,,,,,,,,,,,,,,,,1312.5,1300,1300,1200,1250,1250,1250,1250,1250,1300,1350,1279,1279,1300,1300,1300,1300,1300,1295,1295,1295,1295,1400,1400,1412.5,1400,1475,1500,1500,1500,1497.5,1547.5,1472.5,1597.5,1550,1600,1499.5,1475,1550,1600,1500,1600,1650,1600,1600,1650,1600,1650,1650,1650,1600
"78745","Austin","TX","Austin","Travis",50,,,,,,,,,,,,,,,,,,,,,,,,,,,,,,,,,,,,,,,,,,,,,,,,,,,,,,,,,,,,,,,,,,,,,,,,,,,1250,1195,1204.5,1209,1200,1181,1195,1195,1250,1199,1200,1150
"11355","New York","NY","New York","Queens",51,,,,,,,,,,,,,,,,,,,,,,,,,,,1550,1550,1550,1550,1550,1550,1550,1550,1550,1550,1550,1550,1550,1550,1525,1550,1549.5,1600,1650,1600,1650,1600,1650,1600,1600,1650,1650,1695,1650,1675,1700,1700,1737.5,1750,1750,1762.5,1750,1700,1950,2000,1975,2090,1825,2090,1950,1797.5,2000,1775,2025,1800,1850,1750,1750,1800,1800,1900,1900,1900,1925,1900
"60617","Chicago","IL","Chicago","Cook",52,,,,,,,,,,,,,,,,,,,,,,,,,,,,,862.5,950,885,912.5,950,950,950,900,900,900,805,875,875,805,875,950,950,950,875,900,950,975,1000,1000,1095,1000,1000,1000,1000,1100,1100,1100,1100,1100,1100,1000,1000,1000,1000,1100,1100,1100,1000,1100,1100,1000,997.5,1097.5,1075,1022,1000,1000,1050,1044,1044,1044,1000,1044
"11215","New York","NY","New York","Kings",53,,,,,,1900,1990,2225,2225,2400,2325,2500,2225,2325,2300,2497.5,2395,2400,2500,2462.5,2500,2575,2500,2600,2700,2500,2600,2600,2600,2500,2500,2597.5,2600,2595,2597.5,2600,2577,2550,2500,2500,2500,2500,2550,2700,2750,2750,2750,2550,2700,2700,2700,2700,2700,2700,2800,2900,3000,2900,2850,2800,2800,2800,2750,2750,2700,2700,2700,2700,2750,2695,2750,2800,2900,2720,2700,2797.5,2750,2700,2700,2700,2783,2750,2785,2700,2700,2699
"60611","Chicago","IL","Chicago","Cook",54,,,,,,,,,,1830,1830,1850,1870,1907.5,1890,1870,1860,1845,2005,2065.5,2000,1970,1924,1950,1913,1890,1865,1895,1942,1913,1950,1965,2000,2025,1985,1928,1935,1885,1900,2025,2035,2150,2100,2185,2190,2233,2268,2210,2259,2310,2213,2198,2393,2378,2380,2421.5,2402,2378.5,2250.5,2504,2518,2576.5,2492,2490,2377,2236,2103.5,2354,2295.5,2169,2207,2095,2125,2085,2080,2095,2064,2200,2259,2173,2150,2252,2395,2227.5,2200,2174.5
"10452","New York","NY","New York","Bronx",55,,,,,,,,,,,,,,,,,,,,,,,,,,,,,,,,,,,,,,,,,,,,,,,,,,,,,,,,,,,,,,,,,,,,,,,,1450,1450,1525,1500,1525,1550,1500,1495,1525,1506,1525,1537.5,1662.5,1790,1795
"06010","Bristol","CT","Hartford","Hartford",56,,,,,,,,,,,,,,,,,,,,800,875,862.5,895,925,875,885,900,850,850,850,850,850,850,850,925,887.5,900,850,875,875,900,885,850,800,875,850,875,900,900,900,900,862.5,850,850,850,850,850,885,900,925,900,900,975,925,900,900,925,900,925,900,950,900,937.5,900,900,900,937.5,900,950,975,925,975,1000,1000,995,987.5
"33009","Hallandale","FL","Miami-Fort Lauderdale","Broward",57,,,,,,,,,,,,,,,,,,,,,,,,,,,,,,,,,,,,,,,,,,1695,1695,1500,1472.5,1650,1600,1600,1600,1500,1575,1575,1700,1750,1472.5,1575,1575,1625,1575,1325,1400,1600,1690,1700,1500,1612.5,1399,1400,1575,1500,1587.5,1600,1625,1700,1585,1622.5,1587.5,1850,1750,1773,1772.5,1675,1750,1797.5,1849.5,1900
"11211","New York","NY","New York","Kings",58,,,,,,,,,,,,,,2275,2395,2450,2525,2475,2550,2800,2860,3040,2895,2897.5,2850,2795,2700,2700,2800,2858.5,2899,2950,2995,3000,3000,3000,3000,3047.5,2950,2892.5,2900,2935,2995,3150,3200,3175,3196.5,3155,3150,3050,3000,2959,2900,2897,3000,3325,3325,3300,3299,3300,3150,3195,3195,3200,3199.5,2995,3000,3000,3000,2999.5,2950,3100,3250,3325,2900,2950,2900,2999,3000,3095,3063,3100,3093.5,3000,2950,2925
"11385","New York","NY","New York","Queens",59,,,,,,,,,,,,,,,,,,,,1550,1725,1800,1500,1450,1400,1400,1450,1500,1500,1500,1500,1500,1550,1600,1600,1650,1700,1800,1750,1700,1692,1650,1700,1799,1700,1797.5,1800,1800,1850,1850,1900,1900,1900,2100,2100,2200,2200,2225,2150,2172.5,2100,2200,2300,2200,2399.5,2400,2400,2300,2400,2400,2400,2500,2300,2250,2200,2200,2250,2300,2307,2340,2399,2399,2500,2495,2400,2350
"11373","New York","NY","New York","Queens",60,,,,,,,,,,,,,,,,,,,,,,,,1475,1400,1450,1450,1545,1437.5,1412.5,1425,1412.5,1450,1450,1467.5,1600,1600,1575,1600,1600,1600,1600,1600,1552.5,1597.5,1675,1615,1595,1695,1700,1700,1700,1695,1745,1750,1750,1750,1700,1750,1750,1750,1800,1850,1900,1935,1925,1900,1900,2000,2148,2228,1950,1917.5,1925,1700,1700,1950,1850,1900,1925,1825,1900,1827.5,1815,1810,1815
"10468","New York","NY","New York","Bronx",61,,,,,,,,,,,,,,,,,,,,,,,,,,,1185,1200,1300,1350,1300,1300,1395,1300,1300,1300,1300,1275,1200,1245,1200,1200,1200,1225,1300,1275,1342.5,1345,1326,1300,1300,1350,1350,1300,1375,1400,1400,1404,1400,1425,1400,1450,1450,1425,1400,1400,1400,1380,1400,1500,1445,1495,1497.5,1475,1400,1450,1450,1475,1495,1499.5,1500,1550,1550,1600,1600,1600
"02148","Malden","MA","Boston","Middlesex",62,,,,,,,,,,,,,,,,,,,,1320,1300,1195,1150,1260,1456,1428,1400,1295,1375,1325,1295,1350,1350,1350,1400,1411,1452,1488,1450,1495,1495,1495,1500,1500,1500,1515,1575,1700,1795,1695,1750,1700,1550,1500,1700,1500,1550,1500,1650,1700,1750,1750,1700,1662.5,1600,1600,1600,1597.5,1595,1850,1684,1850,1900,1900,1850,1750,1800,1640,1700,1800,1807.5,1840,1854.5,1982.5,1983,1900
"10028","New York","NY","New York","New York",63,,,,2200,2300,2300,2350,2350,2350,2350,2395,2400,2437.5,2495,2425,2400,2400,2395,2395,2500,2500,2440,2495,2500,2597.5,2600,2550,2500,2495,2500,2550,2575,2590,2595,2550,2595,2650,2595,2595,2550,2575,2600,2600,2600,2650,2650,2595,2595,2600,2650,2625,2675,2650,2625,2700,2600,2637.5,2650,2695,2700,2699,2697,2600,2612.5,2625,2650,2650,2662.5,2600,2600,2595,2650,2600,2650,2600,2650,2700,2700,2650,2699,2745,2700,2700,2750,2630,2673.5
"90019","Los Angeles","CA","Los Angeles-Long Beach-Anaheim","Los Angeles",64,,,,,,,,,,,,,,,,,,,,,,,,,,,,,,,,,,,,,,,,,,,,,,,,,,,,,,,,,,,,,,,,,,,,,,,,,,2400,2300,2550,2550,2750,2525,2300,2075,2295,2499,2500,2445,2395
"98103","Seattle","WA","Seattle","King",65,,,,,,,,,,,,,,,,,,,,,,,,,,,,,,,,,,,,,,,,,,,,,,,,,,,,,,,,,,,,,1375,1495,1500,1500,1495,1695,1495,1672.5,1545,1495,1695,1550,1537.5,1625,1537.5,1495,1625,1495,1495,1572.5,1595,1649,1650,1650,1625,1550
"11238","New York","NY","New York","Kings",66,,,,,,,,,,,,,2150,2000,2000,2150,2150,2095,2050,2061,2172.5,2300,2387.5,2450,2500,2126,2100,2325,2300,2443.5,2300,2500,2550,2600,2850,2695,2600,2500,2500,2500,2500,2400,2500,2600,2700,2700,2650,2650,2700,2650,2600,2650,2720,2700,2745,2895,2800,2700,2800,2795,2800,2700,2700,2750,2700,2677,2700,2700,2750,2700,2700,2750,2750,2795,2700,2700,2700,2671,2700,2753,2850,2850,2887,2900,2900,2750
"11233","New York","NY","New York","Kings",67,,,,,,,,,,1500,1500,1500,1500,1450,1475,1550,1575,1650,1625,1650,1575,1550,1572.5,1600,1600,1600,1550,1550,1600,1650,1675,1700,1799,1825,1850,1900,1800,1850,1800,1800,1750,1750,1799,1900,1950,1900,1900,1900,1850,1950,1950,1995,1995,1980,2000,2200,2200,2200,2200,2195,2150,2099.5,2099,2100,2100,2150,2100,2100,2100,2200,2200,2200,2299,2250,2125,2200,2200,2199,2200,2250,2300,2300,2325,2250,2200,2200
"07302","Jersey City","NJ","New York","Hudson",68,,,,,,,,,,,,,,,,,,,,,,,,,,,,,,,,,,,,,,,,,,,,,,,,,,,,,,,,,,2500,2760,2685,2500,2475,2435,2400,2495,2450,2425,2450,2425,2550,2400,2550,2700,2500,2425,2225,2450,2500,2500,2662.5,2730,2850,2550,2500,2500,2542.5
"11236","New York","NY","New York","Kings",69,,,,,,,,,,,,,,,,,,,,,1900,1947.5,1775,1775,1700,1700,1600,1697.5,1600,1725,1725,1700,1700,1695,1695,1600,1600,1612.5,1695,1700,1612.5,1650,1637.5,1795,1795,1600,1600,1700,1725,1700,1725,1725,1725,1725,1725,1800,1800,1825,1800,1850,1850,1812.5,1800,1800,1800,1800,1750,1800,1800,1710,1800,1750,1800,1850,1800,1800,1800,1800,1925,1995,1987.5,2000,2000,1950,1900,1900
"92109","San Diego","CA","San Diego","San Diego",70,,,,,,,,,,,,,,,,,,,,,,,,,,,,,,,,,,,,,,,,,,,,,1822.5,1675,1800,1625,1585,1575,1595,1495,1495,1550,1520,1525,1595,1595,1595,1725,1750,1600,1650,1785,1895,2137.5,1945,1842.5,1872.5,1750,1795,1650,1775,1750,1850,1795,1895,1847.5,1820,1962.5,1975,1900,1945,1850,1995,1850
"10457","New York","NY","New York","Bronx",71,,,,,,,,,,,,,,,,,,,,,,,,,,,,,,,,,,,,,,,,,,,,,,,,,,,,,,,,,,,,,,,,,,,,,,,,,,1475,1400,1498,1575,1625,1625,1625,1612.5,1625,1599.5,1650,1637.5,1600
"60626","Chicago","IL","Chicago","Cook",72,,,,,,,,,,,,,,,,,995,950,937.5,955,1037.5,1015,1000,875,995,1000,1050,975,1012.5,1072.5,984,1095,1075,1150,1062.5,975,995,995,1050,1025,1050,1050,1050,975,975,975,975,995,1000,1000,990,950,975,950,985,1000,997.5,1000,1000,992.5,975,950,950,950,970,1050,1050,972.5,1000,1050,1150,1100,1075,1100,1195,1150,1100,1050,1025,1150,1150,1150,1050,1050,1195,1150
"10027","New York","NY","New York","New York",73,,,,,,,,,,,,,,,,,,,,,,2500,2325,2295,2515,2500,2395,2299.5,2325,2297,2250,2300,2350,2495,2450,2450,2450,2400,2395,2400,2400,2400,2400,2450,2450,2600,2650,2550,2600,2595,2600,2600,2495,2500,2585,2600,2600,2612,2695,2672.5,2572.5,2542.5,2566,2500,2550,2525,2595,2697.5,2550,2690,2725,2700,2600,2662.5,2500,2700,2650,2650,2750,2868.5,2800,2795,2897,2700,2682,2700
"11372","New York","NY","New York","Queens",74,,,,,,,,,,,,,,,,1450,1400,1450,1495,1525,1575,1550,1575,1525,1585,1650,1675,1650,1650,1650,1650,1650,1650,1700,1700,1700,1700,1700,1700,1700,1700,1750,1750,1750,1750,1750,1750,1750,1750,1750,1750,1750,1775,1750,1750,1750,1800,1800,1850,1850,1850,1850,1850,1850,1850,1850,1850,1750,1775,1800,1800,1800,1875,1825,1750,1900,1800,1800,1775,1800,1795,1800,1800,1837.5,1800,1791.5
"60649","Chicago","IL","Chicago","Cook",75,,,,,,,,,,,,,,,,,,700,750,750,750,750,772.5,750,725,750,750,750,740,750,750,750,755,800,800,795,750,750,740,750,750,750,760,785,800,850,750,790,835.5,812.5,875,900,875,825,900,925,965,982.5,950,1100,1100,1000,1000,1000,1000,1050,1050,1000,1000,1000,980,1000,1000,950,1100,980,1000,1044,1044,1044,1044,1044,1044,1044,1044,1000
"32256","Jacksonville","FL","Jacksonville","Duval",76,,,,,,,,,,,,,,,,,,,,,,,,,,,,,,,,,,,,,,,,,,,,,,,,,,,,,,,,,1212.5,1159,1000,1025,997.5,942.5,1025,995,1037.5,1025,950,1010,1050,950,1037.5,1000,930,942.5,975,1115,1110,1154.5,1185,1149.5,1150,1069.5,1059,1074,1025,950
"33311","Fort Lauderdale","FL","Miami-Fort Lauderdale","Broward",77,,,,,,,,,,,,,,,,,,,,,,,,,,,,,,,,,,,,,,,,,,,,,,,,,,,,,,,,1200,1175,1070,1100,1225,1122,1100,1100,1187.5,1175,1236,1297,1297,1250,1250,1250,1272.5,1250,1200,1250,1150,1250,1299,1300,1250,1250,1250,1300,1172.5,1200,1237.5
"11218","New York","NY","New York","Kings",78,,,,,,,,,,,,,,,,,,,,,,,,,,,,,,,,,,,,,,,,,,,,,,,,,,2150,2050,2000,2000,2050,2160,2285,2100,2200,2300,2400,2400,2400,2275,2295,2295,2200,2250,2200,2200,2195,2200,2200,2200,2300,2088,2195,2075,2000,2100,2150,2200,2200,2200,2225,2200,2100
"33027","Miramar","FL","Miami-Fort Lauderdale","Broward",79,,,,,,,,,,,,,1725,1750,1737.5,1700,1700,1750,1700,1700,1700,1689,1700,1700,1787.5,1850,1825,1700,1700,1700,1700,1687.5,1800,1800,1800,1750,1700,1700,1750,1750,1790,1799,1800,1800,1810,1900,1900,1900,1850,1825,1850,1800,1850,1875,1750,1700,1715,1750,1800,1800,1825,1797.5,1800,1800,1800,1900,1800,1800,1750,1800,1800,1800,1925,1750,1825,1850,1700,1800,1825,1800,1900,1950,2000,2000,1937.5,1900
"02155","Medford","MA","Boston","Middlesex",80,,,,,,,,,,,,,,,,,,,,,,,,,,,,,,,1500,1700,1797.5,1870,2000,2100,2000,1995,1975,1850,1800,1800,1950,1990,2000,2000,2090,2071,2015,1972.5,2000,1930,1900,1875,2100,2100,2225,2200,2200,2200,2015,2050,2100,2100,2100,2100,2015,2200,2350,2360,2200,2250,2345,2205,2000,2100,2140,2053,2350,2400,2500,2500,2450,2500,2500,2400
"90025","Los Angeles","CA","Los Angeles-Long Beach-Anaheim","Los Angeles",81,,,,,,,,,,,,,,,,,,,,,,,,,,,,,,,,,,,,,,,,,,,,,,,,,,,2285,2500,2495,2275,2295,2422.5,2595,2472.5,2495,2650,2672.5,2275,2395,2335,2447.5,2422,2600,2597.5,2397.5,2510,2275,2150,2335,2495,2150,2497.5,2695,2695,2695,2445,2545,2600,2424.5,2295,2650,2395
"10021","New York","NY","New York","New York",82,,,,,,,,,,,,2650,2695,2875,2750,2865,2857.5,2700,2650,2600,2600,2700,2795,2795,2800,2900,2899.5,2850,2850,2895,2850,2900,2875,2825,2850,2895,2950,2895,2850,2850,2900,2995,3000,3025,3000,2695,2700,2825,2825,2812.5,2850,2750,2900,2900,2950,2695,2825,2800,2950,2995,2850,2750,2897.5,2895,2887.5,2950,2950,2950,2750,2700,2900,2895,2895,2850,2750,2800,2850,2895,2800,2895,2799,2750,2795,2850,2795,2895
"90027","Los Angeles","CA","Los Angeles-Long Beach-Anaheim","Los Angeles",83,,,,,,,,,,,,,,,,,,,,,,,,,,,,,,,,,,,,,,,,,,,,,,,,,,,,,,,,,,,,,,,,,,,,,,,,,,,1900,1750,1895,1795,1895,1995,2095,1895,1895,1895,1995,1950
"10701","Yonkers","NY","New York","Westchester",84,,,,,,,,,,,,,,,,,,,,,,,,,,,,,,1375,1337.5,1300,1290,1400,1493.5,1500,1500,1500,1400,1425,1450,1420,1450,1395,1370,1400,1400,1400,1450,1350,1350,1500,1600,1637.5,1612.5,1500,1500,1550,1600,1737.5,1750,1750,1699.5,1687,1650,1750,1625,1650,1646,1670,1662.5,1600,1750,1637.5,1735,1699,1800,1800,1800,1800,1800,1800,1703,1750,1706,1804.5
"60616","Chicago","IL","Chicago","Cook",85,,,,,,,,,,,,,,,,,,,,,,,,,,,,,,,,,,,,,,,1650,1700,1835,1932,1815,1725,1835,1852.5,1852,1878,1935,1873,1754,1845.5,1808,1754,1797.5,1825,1820,1919,1941.5,1921,1846.5,2025.5,1938.5,1937,1938,1825,1750,1933,1812.5,1749,1750,1825,1750,1849,1775,1712.5,1933,1995,2051.5,1950,2005,2006.5,1970,1954,2008,2050
"95051","Santa Clara","CA","San Jose","Santa Clara",86,,,,,,,,,,,,,,,,,,,,,,,,,,,,,,,,,,,,,,,,,,,,,,,,,,,,,,,,,,,,,,,,,,,,,,,,,,,2912.5,2803.5,2691,2852,2849,2883,2883,2945,2797.5,2895,2889.5,2847
"07087","Union City","NJ","New York","Hudson",87,,,,,,,,,,,,,,,,,,,,,,,,,,,,,,,,,,,,,,,,,,,,,,,,,,,,,,,,,,,,,,,,,,,,,,,,,1395,1475,1600,1395,1395,1450,1600,1425,1450,1597.5,1500,1495,1450,1437.5
"60641","Chicago","IL","Chicago","Cook",88,,,,,,,,,,,,,,,,,,,,,,,,,,1000,950,950,975,897.5,912.5,900,1000,975,975,975,975,975,962.5,950,935,925,950,995,975,950,1082.5,1000,1050,1050,1050,1020,1050,1000,1050,1097.5,1100,1025,1075,1050,1000,1050,1037.5,987.5,1000,1150,1100,1175,1100,1190,1200,1175,1012.5,1100,995,1125,1200,1200,1212.5,1225,1200,1250,1195,1250,1100,1095
"60622","Chicago","IL","Chicago","Cook",89,,,,,,,,,,,,,,,,,,,,,,,,,,,,,,,,,,,,,,,,,,,,,,,,,,,,,,,,1795,1850,1900,1850,1800,1850,1795,1850,1897.5,1807.5,1800,1900,1950,2000,1847.5,1800,1850,1750,1750,1799.5,1800,1800,1800,1895,2050,1900,1900,1895,1895,1875,1850
"60660","Chicago","IL","Chicago","Cook",90,,,,,,790,850,850,847.5,825,827.5,800,812.5,850,850,865,850,849.5,895,925,892.5,895,895,900,900,905,905,850,950,990,900,950,950,975,975,975,950,950,950,975,975,977.5,1000,1000,995,975,952.5,975,995,1040,995,995,995,997.5,975,985,995,975,995,992,995,995,995,995,995,1025,1095,987.5,950,950,1050,1000,1050,995,1000,1000,1125,1150,1200,1150,1230,1350,1350,1275,1350,1275
"33321","Tamarac","FL","Miami-Fort Lauderdale","Broward",91,,,,,,,,,,,,,,,,,,,,,,,,,,,,,,,,,,,,,,,,,,,,,,,,,,,,,,,,,,,,,,,,,,,,,,,,,,,1500,1400,1450,1450,1500,1500,1529,1600,1600,1500,1495,1472.5
"11225","New York","NY","New York","Kings",92,,,,,,,,,,,,,,,,,1650,1550,1650,1700,1600,1600,1650,1600,1600,1675,1650,1700,1700,1650,1675,1700,1800,1849,1900,2000,1900,1800,1750,1750,1799,1800,1822.5,1950,1950,2000,2000,2000,2000,1800,1950,2050,2195,2100,2100,2250,2195,2000,2200,2295,2295,2200,2200,2195,2200,2250,2262,2250,2300,2362.5,2100,2300,2250,2400,2150,2195,2200,2200,2200,2199,2200,2200,2200,2250,2237,2195
"11204","New York","NY","New York","Kings",93,,,,,,,,,,,,,,,,,,,,,,,,,,,1400,1387.5,1325,1300,1337.5,1300,1350,1395,1395,1400,1400,1395,1400,1397.5,1400,1400,1400,1400,1450,1450,1500,1500,1492.5,1482.5,1500,1450,1500,1500,1500,1600,1500,1500,1600,1600,1600,1600,1600,1650,1700,1750,1600,1650,1795,1600,1660,1750,1725,1695,1590,1600,1650,1650,1722.5,1750,1730,1700,1725,1725,1650,1650
"10032","New York","NY","New York","New York",94,,,,,,1510,1495,1475,1524.5,1625,1612.5,1650,1600,1630,1650,1650,1650,1650,1600,1600,1750,1700,1700,1700,1699,1650,1750,1750,1775,1700,1750,1750,1750,1795,1799.5,1800,1825,1825,1800,1800,1800,1800,1850,1900,1900,1900,1900,1950,1950,1900,1947.5,1950,1900,1925,1950,1962.5,1995,2000,2100,2000,1995,1995,2000,1995,2000,2000,2000,2000,1950,1950,1999,1950,1900,2100,1995,2183.5,2095,2100,2195,2195,2200,2299,2185,2095,2085,2000
"11219","New York","NY","New York","Kings",95,,,,,,,,,,,,,,,,,,,,,,,,,,,,,,,,,,,,,,,,,,,,,,,,,,,,,,,,,,,,,,,,,,,,,,,,,,2200,2200,2200,2078,2078,2000,2000,1999,1899,1900,1950,1999,2000
"11213","New York","NY","New York","Kings",96,,,,,,,,,,,,,,,,,1600,1600,1600,1700,1700,1442.5,1400,1650,1700,1650,1672.5,1697.5,1699,1675,1712.5,1700,1774.5,1750,1800,1800,1950,2000,1900,1962.5,1800,1800,1800,1999,2000,1999,2000,2000,1999,2195,2000,1950,1900,1965,2100,2400,2300,2250,2300,2300,2300,2200,2200,2200,2100,2100,2100,2200,2290,2200,2250,2200,2250,2200,2100,2092.5,2000,2030,2080,2099,2175,2200,2200,2200,2199.5,2225
"11368","New York","NY","New York","Queens",97,,,,,,,,,,,,,,,,,,,,,,,,,,,,,,,,,,,,,,,,,,,,,,,,,,,,,,,,,,,,,,1703,1753,1850,1797.5,1697.5,1900,1825,1775,1897.5,1900,2200,2055,2030,2000,1910,1770,1807.5,1845,1835,1995,1975,1846,1846,1846,1905
"92104","San Diego","CA","San Diego","San Diego",98,,,,,,,,,,,,,,,,,,,,,,,,,,,,,,,,,,,,,,,,,,,,,,,,,,,,,,,,,,,,,,,,,,,,,,1450,1400,1472.5,1477.5,1350,1450,1450,1600,1550,1595,1595,1599.5,1595,1597.5,1595,1595,1695
"11203","New York","NY","New York","Kings",99,,,,,,,,,,,,,,,,,,,,,,,,,,,,,,,,2600,2500,2187.5,2295,2000,1800,1775,1800,1795,1700,1695,1650,1875,1900,1600,1500,1500,1500,1650,1625,1650,1650,1725,1800,1750,1700,1750,1795,1750,1797,1800,1800,1895,1850,1800,1800,1800,1800,1800,1700,1899,1800,1900,1699.5,1850,2000,1900,1999,1999,2000,2000,2200,2000,1900,1885
"10031","New York","NY","New York","New York",100,,,,,,,,,,,1712.5,1737.5,1785,1799.5,1850,1850,1795,1825,1750,1700,1795,1950,1875,1850,1895,1950,1962.5,1900,1900,1862.5,1950,1995,1995,2000,2000,2100,2150,2100,2050,2100,2050,2000,2100,2150,2195,2250,2250,2072.5,2195,2250,2259,2250,2300,2295,2250,2250,2300,2350,2362.5,2400,2295,2300,2400,2400,2400,2500,2405,2325,2200,2250,2334.5,2387.5,2300,2400,2300,2400,2400,2350,2400,2400,2480,2450,2400,2500,2400,2379.5
"11220","New York","NY","New York","Kings",101,,,,,,,,,,,,,,,,,,,,,,,,1600,1525,1425,1550,1625,1655,1500,1600,1650,1680,1660,1680,1700,1700,1750,1700,1660,1650,1655,1675,1700,1750,1800,1800,1800,1750,1799,1750,1700,1700,1750,2000,2000,1900,1950,1925,1900,1850,1850,1900,1900,1900,1995,1950,1900,2000,2000,1900,2000,1995,2100,1850,2000,2000,2000,1999.5,2000,2100,2100,2050,2000,1972.5,1950
"60637","Chicago","IL","Chicago","Cook",102,,,,,,,,,,,992,1001,1000,1050,1050,1055,1095,1100,1050,1100,1100,1100,1100,950,900,850,917.5,1050,1000,1000,1000,1050,1000,1037.5,1100,1050,1000,1035,1050,1000,1000,1000,1056,1100,1094,1035,1028.5,1100,1100,1100,1100,1100,1100,1150,1150,1150,1100,1100,1100,1200,1150,1150,1150,1150,1150,1172.5,1200,1150,1150,1150,1100,1050,1100,1100,1100,1075,1100,1100,1100,1087.5,1044,1170,1150,1150,1150,1150
"11216","New York","NY","New York","Kings",103,,,,,,,,,,,,,,,,,,,,,,,,2345,1970,1900,1800,1800,1875,1900,1995,2000,2150,2200,2250,2201.5,2200,2150,2199,2162,2200,2200,2200,2250,2300,2300,2350,2350,2300,2300,2350,2200,2350,2400,2499,2495,2495,2495,2500,2499,2495,2450,2400,2450,2400,2400,2425,2400,2500,2495,2457.5,2503.5,2400,2500,2250,2392.5,2400,2400,2400,2400,2400,2450,2500,2450,2375,2395
"33015","Country Club","FL","Miami-Fort Lauderdale","Miami-Dade",104,,,,,,,,,,,,,,,,,,,,,,,,,,,,,,,,,,,,,,,,,,,,,,,,,,,,,,,,,,,,,,,,,,,,,,,1450,1425,1475,1450,1500,1500,1490,1450,1400,1450,1450,1500,1462.5,1450,1450,1437.5
"33141","Miami Beach","FL","Miami-Fort Lauderdale","Miami-Dade",105,,,,,,,,,,,,,,,,,,,,,,,,,,,,,,,,,,,,,,,,,,,,,2200,2400,2000,1775,1600,1362.5,1575,1492.5,1650,1700,1650,1850,1700,1750,1695,1700,1750,1800,1950,1953.5,1800,1900,1675,1675,1950,1725,1875,1700,1900,1982.5,1900,1850,1762,1750,1718,1800,1850,1800,1850,1850,1850,1895
"60608","Chicago","IL","Chicago","Cook",106,,,,,,,,,,,,,,,,,,,,,,,,,,,,,,,,,,,,,,,,,,,,,,,,,,,,,,,,,,,,,,,,,,,,,,,,,1300,1275,1295,1372.5,1355,1350,1300,1397.5,1400,1400,1400,1450,1400,1400
"98122","Seattle","WA","Seattle","King",107,,,,,,,,,,,,,,,,,,,,,,,,,,,,,,,,,,,,,,,,,,,,,,,,,,,,,,,,,,,,,,,,,,,,,1462.5,1325,1397.5,1400,1525,1462.5,1445,1350,1495,1495,1400,1497.5,1485,1595,1575,1572.5,1550,1450
"10014","New York","NY","New York","New York",108,,,2825,3000,3000,2850,2850,2995,3095,3000,2995,3000,3000,3200,3200,3030,3118,3295,3295,3350,3350,3300,3200,3395,3400,3495,3300,3295,3200,3200,3215,3300,3312.5,3395,3400,3495,3495,3500,3515,3550,3595,3525,3500,3500,3500,3495,3500,3500,3500,3500,3475,3495,3500,3547.5,3600,3600,3597.5,3600,3650,3600,3695,3575,3600,3600,3650,3612.5,3520,3650,3597.5,3600,3695,3515,3589,3500,3500,3500,3500,3495,3550,3695,3750,3795,3750,3650,3550,3495
"90036","Los Angeles","CA","Los Angeles-Long Beach-Anaheim","Los Angeles",109,,,,,,,,,,,,,,,,,,,,,,,,,,,,,,,,,,,,,,,,,,,,,,,,,,,,,,,,,,,,,,,,,2900,2950,2925,3168,2650,3000,2595,2400,2395,2500,2400,2525,2600,2595,2622.5,2695,2697.5,2695,2695,2795,2795,2995
"33021","Hollywood","FL","Miami-Fort Lauderdale","Broward",110,,,,,,,,,,,,,,,,,,,,,,,,,,,,,,,,,,,,,,,,,,,,,,,,,,,,,,,,,,,,,,,,,,,,,,,,,,1400,1400,1350,1337.5,1350,1400,1450,1400,1337.5,1387.5,1450,1400,1350
"33324","Plantation","FL","Miami-Fort Lauderdale","Broward",111,,,,,,,,,,,,,,,,,,,,,,,,,,,,,,,,,,,,,,,,,,,,,,,,,,,,,,,,,,,,,,,,,,,,,,,,,,1500,1425,1475,1450,1575,1500,1500,1497.5,1500,1500,1500,1500,1500
"06511","New Haven","CT","New Haven","New Haven",112,,,,,,,,,1150,1175,1125,1100,1150,1100,1100,1195,1200,1185,1200,1200,1212.5,1200,1200,1150,1100,1050,1100,1025,1100,1200,1200,1300,1200,1250,1237.5,1200,1200,1195,1195,1095,1050,1100,1125,1195,1195,1195,1195,1200,1200,1200,1175,1150,1150,1195,1200,1212.5,1250,1250,1250,1200,1200,1195,1200,1195,1200,1200,1250,1200,1195,1250,1275,1150,1200,1185,1197.5,1200,1295,1375,1395,1350,1295,1250,1250,1197.5,1150,1200
"11354","New York","NY","New York","Queens",113,,,,,,,,,,,,,,,,1650,1600,1557.5,1500,1405,1435,1495,1430,1500,1500,1550,1572.5,1550,1595,1550,1595,1597.5,1600,1650,1700,1650,1600,1600,1650,1650,1650,1650,1650,1650,1650,1650,1650,1650,1650,1650,1650,1650,1695,1650,1650,1650,1697.5,1700,1750,1750,1750,1725,1700,1750,1825,1800,1750,1795,1950,1800,1875,1900,1999.5,2175,1950,2100,1950,1950,2150,2200,2129.5,2200,2250,2200,2108,1975
"19104","Philadelphia","PA","Philadelphia","Philadelphia",114,,,,,,,,,,,,,,,,,,,,,,,,,,,,,,,,,,,,,,,,,,,,,,,,,,,,,,985,1085,1149.5,1200,1225,1085,995,997.5,1072.5,1200,1195,1200,1225,1200,1300,1250,1195,1182,1050,1184.5,1225,1260,1172,1212.5,1200,1175,1250,1295,1220,1215,1200,1150,1195
"02135","Boston","MA","Boston","Suffolk",115,,,,,,,,,,,,,,,,,,,,,,,,,,,1867,1850,1900,1900,1895,1875,1890,1900,1899,1925,1975,1925,1925,1950,1975,1995,2000,2000,1995,1995,1995,1975,1950,1950,1965,2000,2000,2000,2000,2050,2050,2050,2050,2077.5,2095,2047,2100,2050,2200,2300,2250,2350,2550,2300,2400,2500,2500,2200,2100,2100,2250,2400,2500,2500,2500,2500,2500,2500,2400,2300
"10466","New York","NY","New York","Bronx",116,,,,,,,,,,,,,,,,,,,,,,,,,,,,,,,,,,,,,1350,1150,1150,1200,1200,1200,1200,1300,1300,1250,1225,1250,1350,1300,1300,1350,1400,1300,1362.5,1350,1350,1350,1400,1395,1395,1397.5,1400,1450,1450,1450,1450,1350,1450,1450,1450,1450,1395,1372.5,1400,1400,1400,1450,1450,1450,1500,1500,1550,1532.5,1550,1600
"33308","Fort Lauderdale","FL","Miami-Fort Lauderdale","Broward",117,,,,,,,,,,,,,,,,,,,,,,,,,,,,,,,,,,,,,,,,,,,,,,,,,,,,,,,,,,,,,,,,,,,,,,,,,,,1600,1600,1597.5,1597,1548.5,1500,1500,1497.5,1500,1500,1500,1472.5
"11374","New York","NY","New York","Queens",118,,,,,,,,,,,,,,,,,,,,,1725,1787.5,1724.5,1600,1595,1650,1712.5,1650,1725,1712.5,1700,1750,1744,1750,1800,1800,1800,1800,1800,1775,1800,1775,1800,1925,1825,1895,1900,1950,1900,1900,1900,1900,1950,1950,1950,1900,2000,2090,2100,2100,2150,2150,2195,2250,2200,2150,2125,2282.5,2000,2150,2200,2000,2037.5,2000,1850,1950,2025,1925,1875,1950,1912.5,1993,2100,2000,2050,2025
"10472","New York","NY","New York","Bronx",119,,,,,,,,,,,,,,,,,,,,,,,,,,,,,,,,,,,,,,,,,,,,,,,,,,,,,,,,,,,,,,,,,,,,,,,,,,1450,1400,1475,1500,1497.5,1495,1575,1600,1625,1487.5,1650,1550,1500
"10473","New York","NY","New York","Bronx",120,,,,,,,,,,,,,,,,,,,,,,,,,,,,,,,,,,,,,,,,,,,,,,,,,,,,,,,,,,,,,,,,,,,,,,,1603,1600,1650,1650,1625,1795,1825,1900,1900,1700,1825,1700,1686.5,1700,1703,1699
"11210","New York","NY","New York","Kings",121,,,,,,,,,,,,,,,,,,,,,,,,,,,,,,1450,1500,1549.5,1425,1350,1300,1400,1400,1400,1400,1400,1400,1400,1400,1400,1495,1515,1500,1450,1400,1450,1450,1500,1450,1500,1550,1700,1800,1795,1799.5,1750,1750,1800,1862.5,1897.5,1800,1750,1800,1695,1700,1700,1700,1849,1800,1950,1795,1800,1750,1775,1800,1799,1799,1799.5,1750,1800,1800,1950
"10033","New York","NY","New York","New York",122,,,,,,,1525,1495,1495,1485,1550,1525,1475,1550,1550,1525,1550,1550,1550,1550,1725,1700,1800,1800,1767.5,1750,1772.5,1700,1700,1700,1725,1750,1725,1797.5,1800,1800,1795,1750,1750,1800,1775,1795,1800,1825,1862.5,1950,1950,1950,2000,1995,2000,2000,2000,2000,2000,2000,2100,2174.5,2212.5,2100,2100,2097,2012.5,2050,2150,2195,2150,2162.5,2025,2100,2362.5,2237.5,2195,2150,2033.5,2275,2250,2292,2195,2200,2175,2200,2200,2150,2200,2200
"10036","New York","NY","New York","New York",123,,,,,,,,,,,,,,,,,,3200,3270,3200,3190,3200,3199.5,3200,3200,3200,3182.5,3150,3100,3135,3190,3200,3200,3200,3200,3200,3235,3200,3200,3195,3200,3200,3200,3250,3400,3300,3287,3295,3390,3330,3350,3375,3490,3450,3497,3250,3250,3195,3395,3250,3195,3067,3000,3022.5,3170,3195,3242.5,3250,3195,3200,3180,3250,3097.5,3442.5,3030,3129.5,3225,3151,3090,3235,3250,3250,3250,3297.5,3250,3200
"33065","Coral Springs","FL","Miami-Fort Lauderdale","Broward",124,,,,,,,,,,,,,,,,,,,,,,,,,,,,,,,,,,,,,,,,,,,,,,,,,,,,,,,,,,,,,,,,,,,,,,1297.5,1322.5,1200,1260,1300,1300,1300,1300,1350,1350,1350,1375,1350,1425,1397.5,1425,1350
"10010","New York","NY","New York","New York",125,,,,,3050,2812.5,2925,2995,3100,3097,3100,3297.5,3250,3350,3250,3200,3250,3149.5,3150,3300,3400,3500,3410,3350,3300,3395,3295,3299.5,3395,3350,3395,3370,3395,3382.5,3350,3450,3487.5,3400,3400,3400,3400,3400,3395,3400,3450,3500,3495,3600,3650,3595,3650,3500,3500,3500,3647,3495,3500,3582.5,3595,3647,3627,3605,3597.5,3600,3600,3610,3595,3796,3774,3580,3600,3550,3597.5,3650,3627,3595,3658,3605,3750,3700,3711.5,3711.5,3750,3711.5,3595,3500
"76549","Killeen","TX","Killeen","Bell",126,,,,,,,,,,,625,595,600,625,649,630,649,650,690,750,650,649.5,650,650,680,662.5,725,750,625,667,655,695,695,720,725,775,750,707.5,700,707.5,750,750,750,750,792.5,750,775,795,795,795,795,795,775,790,795,775,775,775,790,797.5,795,775,790,795,795,775,775,775,790,775,725,775,725,737.5,795,750,750,750,795,795,780,755,745,695,750,750
"19103","Philadelphia","PA","Philadelphia","Philadelphia",127,,,,,,,,,,,,,,,,,,,,,,,,,,,,,,,,,,,,,,,,,,,,,,,,,,,,,,,,,,,,,,,,,,,,,,,,1850,1995,1700,1900,1920,1957.5,1850,1800,1850,1757.5,1800,1850,1725,1910,1822
"33178","Doral","FL","Miami-Fort Lauderdale","Miami-Dade",128,,,,,,,,,,2000,2100,2050,2050,2000,2100,2100,2050,2000,2000,2000,2000,2000,2100,2200,2100,2100,2200,2100,2100,2100,2050,1900,1900,1900,2000,2050,1977.5,1850,1900,2000,2062.5,2050,2050,2100,2100,2100,2200,2150,2100,2100,2290,2400,2300,2125,1975,2100,1900,1899,2000,1912.5,1950,2000,2000,2072.5,2100,2100,2200,2200,2000,2200,2300,2290,2100,2300,2200,2100,2200,2150,2100,2200,2200,2200,2225,2299.5,2350,2200
"10461","New York","NY","New York","Bronx",129,,,,,,,,,,,,,,,,,,,,,,,,,,,,,,1600,1400,1400,1450,1490,1500,1525,1500,1300,1400,1350,1350,1300,1325,1300,1300,1300,1300,1300,1300,1400,1499.5,1500,1425,1311,1300,1400,1525,1500,1500,1500,1475,1450,1500,1500,1500,1500,1500,1500,1500,1700,1472.5,1500,1675,1825,1500,1562.5,1600,1849.5,1750,1750,1750,1749.5,1750,1750,1750,1775
"90813","Long Beach","CA","Los Angeles-Long Beach-Anaheim","Los Angeles",130,,,,,,,,,,,,,,,,,,,,,,,,,,,,,,,,,,,,,,,,,,,,,,,,,,,,,,,,,,,,,,,,,,,,,,,,,,995,1100,1195,1195,1195,1175,1195,1275,1250,1250,1200,1272.5,1350
"90803","Long Beach","CA","Los Angeles-Long Beach-Anaheim","Los Angeles",131,,,,,,,,,,,,,,,,,,,,,,,,,,,,,,,,,,,,,,,,,,,,,,,,,,,,,,,,,,,,,,,,,,,,,,,,,,,1750,1997,1985,2095,2150,1945,1945,2010,1700,1872.5,1795,1772.5
"11106","New York","NY","New York","New York",132,,,,,,,,,,,,,,,,,,,,,1825,1750,1750,1800,1950,1850,1800,1862.5,1872.5,1925,1837.5,1900,1862,2000,2090,2100,2100,2000,2000,1950,2000,2050,2087,2100,2100,2100,2091,2100,2150,2150,2195,2133,2100,2100,2100,2150,2195,2195,2200,2100,2150,2200,2200,2200,2200,2250,2200,2195,2250,2250,2300,2100,2100,2250,2197.5,2200,2100,2100,2100,2150,2100,2195,2164.5,2200,2095,2000
"33180","Aventura","FL","Miami-Fort Lauderdale","Miami-Dade",133,,,,,,,,,,,,,,,,,,,,,,,,,,,,,1837.5,1950,2050,2250,2000,2200,2350,2485,2300,2200,2400,2450,2490,2500,2500,2500,2500,2650,2650,2600,2675,2750,2500,2500,2500,2500,2500,2425,2400,2400,2472.5,2500,2550,2475,2412.5,2490,2500,2450,2500,2412.5,2450,2350,2300,2250,2300,2300,2300,2225,2250,2400,2450,2450,2500,2500,2500,2500,2450,2495
"10022","New York","NY","New York","New York",134,,,,,2800,2875,2772.5,2900,3150,3250,3100,3025,3050,3225,3200,3100,3100,3100,2800,3000,2900,2900,2900,3000,3200,3200,3200,3150,3199.5,3150,3195,3190,3100,3192.5,3150,3150,3200,3150,3199.5,3200,3250,3262.5,3250,3300,3350,3250,3350,3297.5,3300,3200,3047.5,3199.5,3397,3500,3550,3300,3450,3450,3500,3395,3250,3200,3257,3200,3200,3400,3400,3400,3175,3175,3285,3400,3300,3500,3400,3350,3280,3289,3300,3400,3500,3395,3250,3300,3335.5,3200
"11432","New York","NY","New York","Queens",135,,,,,,,,,,,,,,,,,,,,,,,,,,,1575,1500,1650,1575,1475,1512.5,1587.5,1625,1587.5,1500,1550,1500,1500,1450,1475,1500,1525,1575,1650,1568,1602,1555.5,1600,1625,1575,1555,1600,1650,1700,1650,1695,1600,1650,1712.5,1795,1650,1700,1650,1650,1717.5,1795,1650,1795,1997.5,1872.5,1650,1750,1833,1795,1850,1812.5,1862.5,2000,2025,2150,2300,2200,1950,1850,1828
"02124","Boston","MA","Boston","Suffolk",136,,,,,,,,,,,,,,,,,,,,,,,,,,,,,,,,,,,,,,,,,,,,,2100,2000,2020,2200,1850,1800,1800,1850,1850,1830,1807.5,1900,2000,1950,2025,2000,1850,1800,1850,1850,1850,1900,1900,1850,2075,2055,2000,1950,1975,1975,1995,2100,1850,1900,2000,2025,2150,2100,2130,2100,2100,2100
"11222","New York","NY","New York","Kings",137,,,,,,,,,,,,,,,,,,,,,,2600,2725,2450,2400,2000,2250,2400,2400,2400,2700,2675,2700,2800,2850,2800,2800,2800,2700,2600,2600,2600,2700,2950,2950,2800,2850,2815,2900,2832,2799.5,2798,2795,2700,2849.5,2995,2915,2868,2900,2917.5,2950,2800,2800,2700,2750,2750,2900,2800,2900,2950,2850,2895,2895,2850,2697.5,2792.5,2759.5,2750,2775,2799,2899,2899,2800,2849.5,2785,2692
"59101","Billings","MT","Billings","Yellowstone",138,,,,,,,,,,,,,,,,,,,,,,,,,,,,,,,,,,,,,,,,,550,585,575,575,575,525,550,575,595,595,595,590,595,612.5,625,600,595,607.5,595,625,625,650,595,595,595,595,592.5,595,550,575,595,640,585,550,550,575,595,590,580,590,620,595,595,595,595,595
"19121","Philadelphia","PA","Philadelphia","Philadelphia",139,,,,,,,,,,,,,,,,,,,,,,,,,,,,,,,,,,,,,,,,,,,,,,,,,,,,,,,,,,,,,,,,,,,,,,,,,,,1800,1575,1575,1650,1800,1712.5,1700,1700,1600,1875,1750,1750
"10065","New York","NY","New York","New York",140,,,,,,,3300,3197.5,3250,3195,3247.5,3300,3600,3195,3000,3000,3050,3172.5,3000,3297.5,3325,3450,3495,3400,3500,3400,3500,3450,3425,3500,3600,3500,3500,3450,3500,3495,3500,3495,3450,3400,3495,3500,3500,3400,3600,3500,3450,3200,3295,3472.5,3450,3400,3595,3500,3500,3450,3495,3500,3495,3495,3495,3500,3450,3495,3450,3492.5,3695,3295,3200,3295,3200,3200,3395,3284,3297.5,3350,3450,3295,3299,3249.5,3295,3498,3000,3225,3200,3295
"10040","New York","NY","New York","New York",141,,,,,,1385,1415,1350,1300,1300,1400,1450,1350,1350,1296,1250,1325,1325,1375,1300,1325,1350,1462.5,1400,1450,1400,1413.5,1395,1375,1400,1450,1450,1475,1487.5,1458,1500,1500,1500,1495,1500,1500,1500,1500,1500,1549.5,1600,1700,1675,1700,1650,1650,1650,1700,1695,1675,1700,1700,1685,1675,1750,1700,1685,1650,1650,1625,1625,1625,1650,1650,1700,1850,1625,1625,1650,1625,1773,1750,1700,1725,1850,1850,1887.5,1800,1800,1800,1750
"01801","Woburn","MA","Boston","Middlesex",142,,,,,,,,,,,,,,,,,,,,,,,,,,,,,,,,,,,,,,,,,,,,,,,,,,,,,,,,,,,,,,,,,,,,,,,,,,,1650,1650,1675,1650,1675,1650,1795,1850,1700,1800,1800,1800
"60605","Chicago","IL","Chicago","Cook",143,,,,,1683.5,1644,1775,1811,1799,1854,1749,1946.5,1961,2010,1832,1787.5,1717,1814,1985,2100,2103.5,1895,1916,1830,1752.5,1843,1900,1903.5,2020,1961,2017,1950,1904,1922,1864,1785,1865.5,1900,1970.5,1900,1900,1898,1890,1889,1970,2000,2055,2000,1915.5,1979,1969.5,1977.5,2040,1906,1910,1918.5,1952,2007,1907,1940.5,1919.5,2010,1983,2000,1921,1914,1836,1863,1888,1969,1987,1895,1901.5,1969.5,1795,1945.5,1921,1984,1998.5,2000.5,2001,2004,2056,1997.5,2022,1975
"11101","New York","NY","New York","Queens",144,,,,,,,,,,,,,,,,,,,,,,,,,,2200,2525,2500,2500,2597.5,2501.5,2600,2700,2650,2615,2625,2600,2600,2600,2595,2598,2600,2620,2650,2700,2630,2600,2600,2600,2677,2690,2650,2700,2725,2725,2785,2752,2700,2750,2700,2695,2700,2700,2650,2672,2685,2672,2732.5,2700,2744,2750,2784.5,2715,2770.5,2615,2718.5,2650,2650,2625,2610,2650,2763.5,2799,2788.5,2797.5,2710
"60645","Chicago","IL","Chicago","Cook",145,,,,,,,,,,,,,,,,,,,,,,,,,997.5,950,1075,1075,1095,1100,1100,1150,1100,975,995,997.5,975,995,995,995,985,1007.5,1015,995,1000,1100,1137.5,1125,1100,1095,1112.5,1050,1025,1050,1112.5,1100,1095,1120,1075,1095,1125,1250,1300,1300,1300,1285,1272.5,1250,1095,1150,1100,1140,1135,1100,1150,1250,1300,1325,1325,1325,1325,1300,1250,1250,1250,1222.5
"11561","Long Beach","NY","New York","Nassau",146,,,,,,,,,,,,,,,,,,,,,,,,2200,2000,2150,2000,1950,1995,2100,2100,2100,2150,2000,2100,2000,1962.5,1900,1850,1800,1800,1800,1850,1965,2000,2050,2100,2100,2000,2000,2080,2050,2175,2100,2300,2350,2462.5,2600,2300,2300,2200,2200,2200,2200,2300,2400,2300,2300,2290,2000,2000,1990,2300,2150,2300,2495,2450,2600,2600,2700,2500,2300,2245,2250,2200,2290
"06790","Torrington","CT","Torrington","Litchfield",147,,,,,,,,,,,,,775,762.5,775,725,775,775,750,750,750,750,700,775,775,750,750,750,795,775,795,800,782.5,750,750,750,775,797.5,795,775,775,775,775,775,775,800,800,800,790,775,790,775,795,795,775,762.5,795,797.5,812.5,825,800,837.5,850,825,825,812.5,800,800,800,800,800,837.5,850,825,825,800,800,800,825,800,800,825,825,812.5,800,800
"11205","New York","NY","New York","Kings",148,,,,,,,,,,,,,,,,,,,,,,,,,,,,,,,,,,,,,,,,,,,,,,,,,,,,,,2995,2899,3100,3100,2899.5,2850,2795,2729,2700,2700,2750,2850,2800,2800,2782,2795,2897,2800,2800,2850,2797,2600,2660,2675,2697,2700,2750,2795,2799,2792,2700,2700,2600
"33134","Coral Gables","FL","Miami-Fort Lauderdale","Miami-Dade",149,,,,,,,,,,,,,,,,,,,,,,,,,,,,,,,,,,,,,,,,,,,2350,2250,2200,2300,2375,2300,2300,1980,2150,2000,2225,2262.5,2325,2400,2350,2325,2350,2405,2300,2350,2300,2300,2300,2325,2350,2325,2300,2200,2150,2172.5,2400,2250,1972.5,1900,1950,1870,1974.5,2175,2087.5,1950,1900,2037.5,2050,2150
"85716","Tucson","AZ","Tucson","Pima",150,,,,,,,,,,,,,,575,595,590,595,595,625,650,595,562.5,585,575,572.5,595,637.5,675,662.5,650,605,585,575,550,550,550,550,550,550,550,575,575,575,575,575,575,595,575,575,575,575,575,550,575,595,595,575,550,535,550,550,575,599.5,625,625,625,600,650,625,575,595,595,570,575,595,600,595,625,625,650,625,695,650,650,625,615
"94103","San Francisco","CA","San Francisco","San Francisco",151,,,,,,,,,,,,,,,,,,,,,,,,,,,,,,,,,,,,,,,,,,,,,,,,,,,,,,,,,,,,,,,,,,,,,,,,,,2700,2745,3195,3495,3700,3600,3785,3895,3895,3500,3395,3497.5,3495
"11435","New York","NY","New York","Queens",152,,,,,,,,,,,,,,,,,,,,,,,,,,1512.5,1612,1550,1500,1399,1475,1375,1412.5,1400,1395,1375,1375,1375,1400,1400,1450,1450,1450,1450,1495,1550,1575,1650,1750,1602.5,1675,1650,1598,1598,1600,1649.5,1775,1755,1775,1775,1699,1747.5,1750,1750,1750,1750,1749.5,1800,1725,1750,1750,1800,1725,1695,1695,1700,1700,1750,1750,1775,1800,1799,1850,1850,1850,1825
"02127","Boston","MA","Boston","Suffolk",153,,,,,,,,,,,,,,,,,,,,,2542,2514,2650,2772.5,2492,2600,2585,2500,2434,2402,2600,2800,2897.5,2925,2800,2795,2750,2650,2767.5,2800,2750,2725,2755,2800,2800,2800,2700,2600,2597.5,2650,2600,2650,2650,2730,2700,2650,2800,2800,2725,2775,2650,2650,2650,2650,2738,2800,2800,2850,2650,2800,2800,2800,2850,2900,2747.5,2800,2999,3000,3000,3000,3025,3000,2995,3000,2900,2950
"10034","New York","NY","New York","New York",154,,,,,,,,,,,,,,,,,,1450,1450,1425,1350,1450,1522,1450,1375,1350,1450,1450,1495,1495,1450,1450,1495,1475,1450,1450,1475,1450,1450,1450,1475,1475,1495,1550,1595,1606,1650,1650,1650,1650,1600,1650,1650,1600,1650,1662.5,1700,1762.5,1695,1695,1712.5,1700,1772.5,1750,1700,1700,1650,1700,1700,1750,1695,1600,1695,1675,1695,1695,1750,1775,1795,1855,1825,1825,1825,1812.5,1800,1725
"11217","New York","NY","New York","Kings",155,,,,,,,,,,,2425,2400,2400,2599,2450,2450,2500,2500,2525,2550,2525,2700,2500,2745,2500,2550,2699.5,2695,2800,2800,2799.5,2900,2750,2900,2900,2900,2895,2900,2795,2790,2700,2712.5,2800,2990,2950,2900,2900,3016,3200,2860,2900,2875,2950,2914,2914,2980,2900,2900,2935,2950,2950,2900,2885,2900,2850,2900,2950,2900,3100,2995,2999.5,3000,2900,2978,2900,2750,2800,2900,2900,2995,3000,3078,3075,3100,3000,2833
"33130","Miami","FL","Miami-Fort Lauderdale","Miami-Dade",156,,,,,,,,,,,,,,,,,,,,,,,,,,,,,,,,,,2490,2500,2400,2225,2125,2300,2300,2350,2350,2400,2420,2100,2200,2075,2300,2300,2200,2025,2100,2200,2000,2100,2100,2200,2200,2350,2200,2100,2300,2325,2375,2400,2412.5,2292.5,2250,2350,2250,2100,2200,2300,2350,2300,2400,2400,2400,2400,2500,2500,2450,2450,2450,2400,2400
"02472","Watertown","MA","Boston","Middlesex",157,,,,,,,,,,,,,,,,,,1800,1750,2000,1950,1800,1800,1900,1800,1800,1825,1800,1800,1800,1850,1800,1900,1800,1950,1962.5,1912.5,1900,1850,1850,1850,1900,1910,2000,2050,2195,2100,2050,1950,1925,2000,1999,2050,2000,2200,2104,2150,2200,2150,2172.5,2100,2100,2100,2200,2200,2200,2200,2100,2104,2150,2150,2100,2100,2200,2125,2100,2300,2372.5,2400,2325,2325,2350,2350,2300,2225,2250
"70118","New Orleans","LA","New Orleans","Orleans",158,,,,,,,,,,,,,,,,,,,,,,,,,,,,,,,,,,,,,,,,,,,,,,,,,,,,,,,,,,,,,,,,,,,,,,,,,,,1450,1350,1450,1537.5,1500,1500,1425,1400,1400,1300,1250,1250
"12601","Town of Poughkeepsie","NY","New York","Dutchess",159,,,,,,,,,,,,,,,,,,,,,,,900,900,950,950,900,887.5,895,950,975,950,950,850,850,875,900,850,950,950,950,950,950,1000,1024.5,1024.5,950,1000,1050,975,1000,1000,1050,1050,1000,1050,1050,1100,1050,1072.5,1050,1037.5,1000,1100,1100,1100,1100,1072.5,1150,1050,1125,1072.5,1100,1150,1100,1150,1150,1150,1200,1200,1200,1150,1150,1150,1150,1150
"07307","Jersey City","NJ","New York","Hudson",160,,,,,,,,,,,,,,,,,,,,,,,,,,,,,,,,,,,,,,,,,,,,,,,,,,,,,,,,,,,,,,,,,,,,,,,,,,,1695,1900,1900,1800,1795,1800,1775,1925,1962.5,1925,1795,1725
"02139","Cambridge","MA","Boston","Middlesex",161,,,,,2650,2350,2350,2300,2325,2250,2275,2393,2546.5,2400,2500,2579,2720,2899,2682,2547,2500,2400,2700,2833.5,2683,2422,2476,2551,2899.5,2850,2800,2700,2500,2600,2700,2600,2555,2500,2600,2600,2600,2600,2700,2700,2630.5,2600,2650,2550,2600,2500,2500,2475,2500,2600,2600,2625,2600,2600,2600,2600,2500,2400,2412.5,2525,2595,2600,2800,2875,2700,2750,2770,2600,2500,2600,2620,2639,2600,2800,2885,2850,2900,2812.5,2800,2775,2700,2700
"10026","New York","NY","New York","New York",162,,,,,,,,,,,,,,,,,,2400,2495,2625,2762.5,2700,2712.5,2700,2595,2600,2600,2532,2495,2495,2595,2598,2600,2596.5,2650,2595,2600,2600,2500,2500,2595,2600,2595,2595,2600,2700,2700,2772.5,2700,2519,2700,2612,2800,2750,2699,2550,2650,2697.5,2695,2772.5,2750,2750,2818,2850,2843,2797.5,2725,2700,2661,2795,2795,2632,2547.5,2750,2532.5,2594,2650,2650,2700,2652.5,2685,2800,2836,2683.5,2697.5,2495
"02138","Cambridge","MA","Boston","Middlesex",163,,,,,1725,1650,1700,1725,1725,1800,1900,1920,1897.5,1925,1900,2000,1812.5,2085,1965,2065,2042.5,2075,2155,2250,2250,2262.5,2200,2200,2250,2225,2200,2200,2200,2200,2350,2400,2350,2385,2397.5,2455,2432,2400,2400,2435,2450,2400,2457,2400,2400,2360,2385,2400,2395,2400,2500,2430,2400,2432.5,2400,2480,2499,2475,2400,2432.5,2500,2400,2500,2575,2500,2525,2495,2500,2550,2350,2350,2400,2400,2450,2500,2550,2575,2500,2522.5,2500,2500,2500
"11237","New York","NY","New York","Kings",164,,,,,,,,,,,,,,,,,,,,,,,2225,2199.5,2074.5,1849.5,2099,2100,2200,2200,2324.5,2399,2400,2400,2599,2631.5,2600,2550,2500,2400,2400,2350,2399,2399.5,2400,2400,2499.5,2587.5,2499.5,2400,2400,2500,2597,2550,2500,2500,2550,2650,2650,2750,2650,2600,2550,2600,2550,2500,2500,2500,2550,2700,2600,2705,2700,2700,2600,2499,2493.5,2500,2595,2600,2600,2650,2700,2595,2550,2497
"33401","West Palm Beach","FL","Miami-Fort Lauderdale","Palm Beach",165,,,,,,,,,,,,,,,,,,,,,,,,,,,,,,,,,,,,,,,,,,,,,,,,,,,,,,,,,,,,,,,,,,,,,,,1137.5,1222.5,1100,1127.5,1250,1150,1105,1150,1200,1275,1262.5,1200,1300,1250,1150,1150
"19130","Philadelphia","PA","Philadelphia","Philadelphia",166,,,,,,,,,,,,,,,,,,,,,,,,,,,,,,,,,,,,,,,,,,,,,,,,,,,,,,,,,,,,,,,,,,,,,,,,,,,1300,1300,1337.5,1350,1400,1450,1400,1375,1400,1450,1325,1300
"80203","Denver","CO","Denver","Denver",167,,,,,,,,,,,,,,,,,,,,,,,,,,,,,,,,,,,,,,,,,,,,,,,,,,,,,,,,,,,,,,,,,,,,,,,,,1010,995,1000,995,1050,1125,1127.5,1097.5,1122.5,1085,1205,1230,1237.5,1200
"02128","Boston","MA","Boston","Suffolk",168,,,,,,,,,,,,,,,,,,,,,,,,,,,1500,1500,1500,1500,1525,1675,1800,1900,1900,2000,1850,1800,1800,1852.5,1800,1800,1800,2000,1997.5,1995,2075,2000,1900,2000,2100,2000,2000,2100,2000,2107.5,2100,2200,2200,2200,2200,2200,2237.5,2300,2250,2250,2245,2200,2300,2300,2300,2250,2200,2200,2150,2450,2450,2400,2450,2450,2500,2500,2450,2400,2350,2340
"11103","New York","NY","New York","Queens",169,,,,,,,,,,,,,,,,,,,,,,,,,,1825,1825,1895,1900,1825,1825,1850,1900,1975,2000,2000,2000,1997.5,1995,2000,1962.5,1900,1900,2000,2000,2000,2000,2050,2100,2000,2050,2100,2125,2150,2100,2172.5,2200,2200,2200,2200,2150,2150,2150,2200,2200,2200,2200,2200,2200,2250,2300,2300,2200,2200,2200,2199.5,2150,2200,2162.5,2250,2250,2300,2300,2250,2250,2130
"10013","New York","NY","New York","New York",170,,,,,,,,,,,,,4450,4495,4200,4000,3999.5,3997.5,3997.5,3950,3950,3975,4000,3950,4000,3975,3900,3895,3782.5,4000,4000,4000,3989,3956.5,4500,4425,4395,4300,4250,4295,4300,4370,4400,4500,4695,4495,4995,4485,4495,4475,4485,4500,4650,4850,4800,5000,4986,4895,4972.5,4695,4500,4550,4495,4222.5,4195,4495,4450,4525,4045,4495,4475,4325,4475,4850,4350,4500,4765,4795,4695,4695,4595,4762.5,4772.5,4597.5,4400,4450
"11367","New York","NY","New York","Queens",171,,,,,,,,,,,,,,,,,,,,,,,,,,,,,,,,,,,,,,,,,,,,,,,,,,,,,,,,,,,,,,,,,,,,,,,,,2100,1950,1992.5,1975,1975,1999,1950,1950,1975,1975,1975,1975,1975,1975
"11102","New York","NY","New York","Queens",172,,,,,,,,,,,,,,,,,,,1850,1900,1990,2165,2200,2300,2375,2100,1900,1900,1900,1900,2000,1995,2000,2100,2150,2200,2300,2200,2100,2100,2200,2200,2200,2250,2312.5,2300,2300,2350,2400,2350,2300,2250,2250,2350,2362.5,2395,2350,2300,2400,2500,2450,2422,2350,2395,2400,2400,2400,2400,2400,2400,2450,2500,2350,2500,2250,2400,2400,2400,2400,2300,2400,2400,2497,2300,2200,2250
"60654","Chicago","IL","Chicago","Cook",173,,,,,,1807.5,1800,1741,1810,1850,1847.5,1892,1962,1962,1935,1937,1951,1937,2064.5,2105.5,2037.5,1939,1929,1811,1825,1923,1953,1973,2047.5,2100,2019,2073.5,2150,2205,2200,2150,2100,2071,2062,2121,2122.5,2139,2200,2350,2382.5,2356,2379,2260,2241,2321,2327.5,2280,2282,2237,2390,2499,2450.5,2455,2460.5,2633,2639,2634,2497,2504,2610,2350,2300,2300,2300,2300,2340,2225,2313,2241.5,2170.5,2176.5,2176,2245,2241.5,2220,2262.5,2263.5,2314,2303,2188,2186
"11231","New York","NY","New York","New York",174,,,,,,,,,,,,,,,,,,,,2500,2600,2500,2500,2675,2850,2800,2750,2500,2600,2750,2800,3000,3000,3000,3000,2900,2800,2900,2900,2825,2800,2800,2750,2800,2800,2850,2950,2800,2800,2800,2872.5,2800,2600,2800,2900,3100,2950,2975,3000,3000,2975,2995,2950,2900,2900,2995,3000,2995,2900,2995,2950,3000,3100.5,3000,2695,2850,2800,2800,2800,2900,2800,2800,2850,2800,2900,2804.5
"10035","New York","NY","New York","New York",175,,,,,,,,,,,,,,,,2500,2377.5,2450,2400,2300,2250,2383,2500,2400,2350,2350,2350,2250,2200,2200,2200,2150,2200,2200,2100,2162.5,2150,2050,2100,2150,2195,2199,2200,2290,2250,2095,2075,2092.5,2123,2099.5,2099,2136.5,2250,2100,2100,2200,2400,2350,2200,2395,2400,2460,2390,2395,2395,2365.5,2300,2300,2162.5,2370,2400,2222.5,2200,2300,2197.5,2300,2400,2405,2450,2500,2400,2407.5,2400,2375,2400,2387.5
"10001","New York","NY","New York","New York",176,,,,,,,,,,,,,,,,3400,3495,3450,3400,3395,3450,3600,3605,3650,3640,3595,3500,3400,3400,3403.5,3425,3425,3400,3450,3451.5,3490,3400,3300,3295,3300,3319,3350,3350,3400,3500,3450,3300,3449.5,3350,3305,3432.5,3375,3357.5,3490,3468,3500,3650,3650,3800,3870,3662.5,3600,3637.5,3637.5,3400,3362.5,3400,3395,3695,3695,3595,3595,3600,3782,3492.5,3556,3600,3650,3797.5,3845,3634.5,3954,3870,3928,3950,3833.5
"60202","Evanston","IL","Chicago","Cook",177,,,,,,,,,,,,,,,,,,,,,,,,,,,,,,,,,,,,,,,,,,,,,,,,,,,,1200,1200,1195,1195,1197.5,1245,1220,1295,1250,1250,1227.5,1200,1250,1282.5,1325,1325,1395,1280,1295,1225,1275,1237.5,1250,1217.5,1270,1297.5,1350,1350,1395,1350,1350,1350,1340,1340,1350
"10075","New York","NY","New York","New York",178,,,,,,,,,,,,2400,2395,2400,2350,2300,2350,2392.5,2400,2350,2400,2400,2450,2397.5,2375,2385,2395,2400,2450,2400,2425,2475,2500,2500,2500,2495,2500,2445,2400,2350,2400,2400,2495,2550,2530,2450,2400,2395,2395,2380,2425,2450,2535,2400,2450,2450,2450,2495,2495,2450,2500,2450,2425,2495,2425,2500,2450,2495,2500,2450,2462.5,2400,2425,2500,2395,2450,2450,2495,2500,2495,2595,2550,2500,2550,2500,2500
"02446","Brookline","MA","Boston","Norfolk",179,,,,1975,2100,2275,2100,2100,2210,2180,2000,2100,2295,2187.5,2212.5,2500,2500,2375,2300,2200,2100,2050,2095,2260,2250,2375,2487.5,2800,2800,2410,2375,2450,2467,2485,2412.5,2417.5,2500,2510,2572.5,2650,2665,2650,2650,2600,2562.5,2550,2600,2550,2500,2570,2650,2725,2750,2750,2695,2700,2625,2550,2560,2567.5,2600,2675,2887.5,2962.5,3000,2900,2800,2900,3150,2850,2600,2797,2600,2600,3000,3100,2800,2850,2900,2900,2900,2950,2800,2825,2850,2800
"98107","Seattle","WA","Seattle","King",180,,,,,,,,,,,,,,,,,,,,,,,,,,,,,,,,,,,,,,,,,,,,,,,,,,,,,,,,,,,,,,,,,,,,,,,,,,,1595,1795,1995,1895,1850,1772.5,1595,1595,1595,1600,1695,1812.5
"11249","New York","NY","New York","Kings",181,,,,,,,,,,,,,,,,,,,,,,,,,3647.5,3499,3465.5,3499,3435,3300,3443,3475,3400,3458.5,3287.5,3300,3200,3180,3200,3200,3250,3300,3300,3400,3350,3300,3300,3375,3349.5,3200,3250,3134,3000,3197,3300,3400,3600,3450,3500,3550,3450,3780,3847.5,3738,3738,3600,3700,3585,3500,3350,3200,3500,3700,3700,3850,3688,3250,3396,3495,3379,3327,3327,3560,3508,3500,3397
"23503","Norfolk","VA","Virginia Beach","Norfolk City",182,,,,,,,800,790,750,725,695,700,725,725,725,775,695,695,675,700,750,750,750,750,772.5,750,750,750,740,775,775,782.5,790,790,795,775,750,775,800,762.5,750,750,775,762.5,750,820,825,795,752.5,775,765,750,750,750,775,775,780.5,781,750,737.5,725,750,750,750,750,750,750,775,750,750,775,797.5,750,750,750,750,795,795,797,800,800,785,762.5,797.5,775,795
"33140","Miami Beach","FL","Miami-Fort Lauderdale","Miami-Dade",183,,,,,,,,,,,,,,,,,,,,,,,,,,,,,,,,,,,,,,,,,,,,,,,,,,,,,,2547.5,2550,2300,2100,2150,2100,2100,2300,2276,2250,2400,2297,2300,2200,2450,2500,2500,2150,2100,2199.5,2300,2300,2250,2100,2100,2125,2300,2500,2550,2400,2500,2500,2500
"10012","New York","NY","New York","New York",184,,,,2450,2500,2585,2600,2695,2850,2800,2800,2797.5,2897.5,2925,2925,2872.5,2900,2995,2995,3000,3000,3025,3200,2995,3200,3250,3250,3195,2995,2995,2995,3050,3150,3200,3275,3300,3395,3395,3299,3295,3295,3300,3300,3295,3299,3300,3350,3391.5,3450,3500,3495,3500,3495,3500,3495,3297.5,3341.5,3400,3325,3450,3495,3450,3397.5,3400,3295,3350,3400,3350,3300,3350,3250,3195,3395,3397.5,3295,3300,3395,3325,3395,3395,3395,3497.5,3495,3400,3295,3225
"10801","New Rochelle","NY","New York","Westchester",185,,,,,,,,,,,,,,,,,,,,,,,,,,,,,,,,,,,,,,,,,,,,,,,,,,,,,,,,,,,,,,,,,,,,,,,,,2095,2000,1875,2100,2100,2350,2200,2100,2100,1975,2072.5,2097.5,1800,1825
"06405","Branford","CT","New Haven","New Haven",186,,,,,,,,,,,,,,,,,,,,,,,,,,,,,,,,1250,1347.5,1250,1250,1250,1250,1200,1250,1250,1200,1200,1200,1200,1200,1250,1200,1200,1250,1250,1250,1200,1200,1200,1250,1250,1250,1300,1300,1272.5,1297.5,1250,1250,1225,1250,1250,1250,1200,1200,1150,1200,1275,1200,1200,1200,1250,1250,1272.5,1250,1250,1250,1250,1300,1250,1200,1250
"60607","Chicago","IL","Chicago","Cook",187,,,,,,,,,,,,,,,,,,,,,,,,,,,,,,,,,,,,,,,,,,,,,,,,,,,,,,,,,,,,,,,,,,,,,,,2300,2310,2325,2259,2047.5,2187.5,2325,2500,2500,2537.5,2362.5,2350,2418,2500,2315,2300
"33131","Miami","FL","Miami-Fort Lauderdale","Miami-Dade",188,,,,,,,,,,,,,,,,,,,,,,,,,,,,,,,,2200,2400,2500,2650,2500,2485,2500,2500,2550,2550,2550,2550,2700,2600,2600,2649.5,2650,2650,2550,2550,2549.5,2550,2500,2575,2600,2500,2500,2500,2500,2562.5,2600,2525,2500,2525,2550,2500,2550,2550,2562.5,2562.5,2600,2500,2500,2500,2500,2500,2600,2600,2600,2600,2600,2650,2650,2600,2650
"11357","New York","NY","New York","Queens",189,,,,,,,,,,,,,,,,,,,,,,,,,,,,,,,,,,,,,,,,,,,,,,,,,,,,,,,,,,,,,,,,,,,,,,,,,,2200,2000,2200,2300,2100,2100,2100,2200,2225,2200,2200,2100,2100
"02150","Chelsea","MA","Boston","Suffolk",190,,,,,,,,,,,,,,,,,,,,,,,,,,,,,,,,,,,,,,,,,,,,,,,,,,,,,,,,,,,,,,,,,,,,,,,,,1700,1600,1550,1700,1750,1800,1750,1900,1995,1935,1901.5,2045,2100,2100
"10550","Mount Vernon","NY","New York","Westchester",191,,,,,,,,,,,,,,,,,,,,,,,,,,,,,,,,,,,,,,,,,,,,,,,,,,,,,,,,,,,,,,,,,,,,,,,,,,,1595,1587.5,1550,1550,1695,1695,1600,1664.5,1700,1700,1700,1700
"11105","New York","NY","New York","Queens",192,,,,,,,,,,,,,,,,,,,,,,,,2100,2175,2287.5,2200,2195,1975,2025,2062.5,2200,2195,2195,2050,2000,2100,2200,2199.5,2110,2150,2100,2150,2250,2200,2295,2400,2295,2300,2272.5,2350,2400,2400,2350,2300,2200,2200,2200,2250,2300,2200,2300,2300,2300,2195,2300,2300,2384.5,2274.5,2300,2400,2400,2300,2300,2100,2150,2200,2150,2200,2100,2250,2300,2350,2295,2100,2300
"02118","Boston","MA","Boston","Suffolk",193,,,,,,,,,,,,,,,,2300,2232.5,2347.5,2375,2400,2400,2500,2579.5,2600,2550,2600,2700,2500,2600,2500,2600,2725,2800,2800,2800,2875,2800,2800,2800,2800,2850,2800,2795,2650,2750,2785,2750,2750,2770,2750,2775,2800,2750,3000,2795,2750,2800,2775,2850,2700,2700,2700,2795,2995,2995,2912.5,2950,2900,2850,2945,2850,2995,2900,2600,2800,3125,3200,3000,3000,2972.5,2995,3000,3000,3000,3000,2900
"33138","Miami","FL","Miami-Fort Lauderdale","Miami-Dade",194,,,,,,,,,,,,,,,,,,,,,,,,,,,,,,,,,,,,,,,,,,,,,,,,,,,,,,,,,,,,,,,,,,,,,,,,,,1700,1575,1550,1675,1600,1675,1687.5,1600,1600,1600,1595,1750,1597.5
"02125","Boston","MA","Boston","Suffolk",195,,,,,,,,,,,,,,,,,,,,,,,,,,,,,1850,1850,1975,1952.5,2000,2025,2000,1905,1995,1950,1900,1915,1950,1995,2100,2072.5,2300,2300,2250,2100,2050,2000,2000,2000,2250,2200,2312.5,2400,2400,2200,2000,2000,2000,2000,2100,2400,2495,2495,2500,2500,2500,2600,2425,2250,2200,2200,2200,2500,2550,2550,2638,2695,2699,2695,2600,2550,2600,2700
"02453","Waltham","MA","Boston","Middlesex",196,,,,,,,,,,,,,,,,,,,,,,,,,,,,,,,,,,2000,1985,1887.5,1700,1650,1700,1840,1900,1840,1800,1800,2000,2300,2000,1800,1700,1775,1875,2000,2050,2000,2150,2250,2200,2050,2000,1950,1800,2000,2100,2300,2050,2200,2200,2175,2100,2150,2200,2000,2100,2000,2195,1997.5,2100,2135,2100,2100,2050,2100,2200,2100,2000,1850
"11358","New York","NY","New York","Queens",197,,,,,,,,,,,,,,,,,,,,,,,,,,,,,,,,,,,,,,,,,,,,,,,,,,,,,,,,,,,,,,,,,,,,,,,,,,1800,2000,1925,2100,1900,1850,1900,1900,2000,2000,2100,2025,1950
"10030","New York","NY","New York","New York",198,,,,,,,,,,,1650,1695,1695,1550,1550,1600,1650,1695,1650,1697.5,1799,1812,1800,1749,1550,1580,1599.5,1650,1650,1695,1700,1727,1700,1700,1749.5,1779,1750,1795,1775,1795,1775,1750,1750,1750,1750,1795,1800,1899,1900,1950,1950,2000,2000,2000,1962.5,1999,2000,1997,2100,2000,2000,1900,1900,2000,2000,2000,2000,2000,2100,2000,2000,2250,2100,2225,1985,2250,2165,2100,2100,2100,2100,2165,2250,2299.5,2220,2104
"11104","New York","NY","New York","Queens",199,,,,,,,,,,,,,,,,,,,,,,,,,1675,1675,1750,1750,1750,1750,1750,1750,1750,1800,1800,1800,1800,1750,1800,1800,1835,1835,1867,1900,1900,1875,1875,1900,1950,1900,1950,1950,2000,2000,1975,1950,1950,2000,2100,2100,2149.5,2100,2100,2100,2050,2100,2106,2027.5,2000,1995,2000,2100,2100,2100,2025,2000,1937.5,1995,1950,2000,2000,2050,2000,1973,2100,2000
"60624","Chicago","IL","Chicago","Cook",200,,,,,,,,,,,,,,,,,,,,,,,,,,,,,,,,,,,,,,,,,,,,,,,,,,,,,,,,,,,,,,,,,,,,,,,,,1325,1300,1300,1207,1200,1250,1250,1250,1200,1250,1250,1207,1200,1250
"02116","Boston","MA","Boston","Suffolk",201,,,,,,,,,,,2675,2800,2800,2325,2250,2200,2550,2400,2600,2500,2500,2400,2400,2600,2600,2600,2850,2600,2500,2495,2500,2700,2700,2800,2800,3000,2900,2800,2800,2800,2800,2700,2750,2800,2750,2900,2857.5,2800,2800,2850,2800,3000,3200,2776,2800,2700,2700,2775,2700,2800,2775,2762.5,2750,2995,3000,2950,2900,2800,2750,2795,2650,2700,2915,2800,2975,2650,2800,2800,2850,2800,3000,2850,2800,2800,2800,2925
"76548","Harker Heights","TX","Killeen","Bell",202,,,,,,,,,,,,,,,,,,,,,,,,,,,,,,,,,,,,,,,,,,,,,,,,,,,,,,,,,,,,,,,,,,,,,,,,,,,735,750,785,760,755,745,775,775,787.5,825,785,760
"02131","Boston","MA","Boston","Suffolk",203,,,,,,,,,,,,,,,,,,,,,,,,,,,,,,,,,,,,,,,,,,,,,,,,,,,,,,,,,,,,,,,,,,,,,2095,2250,1950,1995,2025,1800,1950,1850,1900,1900,2000,2147.5,2200,2100,2100,2195,2100,2137.5
"33137","Miami","FL","Miami-Fort Lauderdale","Miami-Dade",204,,,,,,,,,,,,,,,,,,,,,,,,,,,,,,,,,,,,2360,2300,2450,2400,2300,2300,2300,2300,2350,2000,2000,2100,2150,2100,2000,2000,2075,2150,2000,2000,2000,2175,2300,2200,2300,2500,2750,2760,2700,2675,2700,2250,2250,2350,2475,2300,2350,2450,2362.5,2250,2300,2500,2500,2500,2550,2500,2450,2500,2550,2600,2550
"10017","New York","NY","New York","New York",205,,,,,,,,,,2800,2900,2950,3150,3295,3000,3000,3000,2950,2900,2900,3000,2992.5,3000,3000,3000,3000,3000,2950,3000,3000,3000,3000,3075,3100,3100,3195,3195,3050,3000,3100,3100,3200,3200,3200,3295,3200,3187.5,3100,3097.5,3200,3200,3200,3295,3395,3585,3180,3195,3095,3100,3100,3100,3250,3272.5,3150,3100,3060,3037.5,2850,3190,3272.5,3100,3125,3300,3295,2840,3010,3000,3118.5,3180,3070,2977,2960,2975,3050,2975,3000
"10039","New York","NY","New York","New York",206,,,,,,,,,,,,,,,,,,,,,,,1450,1495,1500,1450,1450,1450,1450,1450,1500,1500,1500,1550,1550,1550,1500,1500,1500,1495,1500,1500,1550,1600,1600,1650,1650,1650,1625,1650,1650,1650,1650,1700,1800,1800,1800,1775,1750,1700,1700,1800,1800,1900,1915,1900,1800,1950,1800,1997.5,1900,1825,1775,1797.5,1800,1995,1800,1800,1850,1816.5,1950,1950,1999,1995,1912.5,1950
"60621","Chicago","IL","Chicago","Cook",207,,,,,,,,,,,,,,,,,,,,,,,,,,,,,,,,,,,,,,,,,,,,,,,,,,,,,,,,,,,,,,,,,,,,,,,,,1100,925,1000,1100,1000,1000,1000,1024.5,1000,1000,1000,1100,1050,1044
"02132","Boston","MA","Boston","Suffolk",208,,,,,,,,,,,,,,,,,,,,,,,,,,,,,,,,,,,,,,,,,,,,,,,,,,,,,,,,,,,,,,,,,,,,,,,,,1997.5,1900,1895,1932.5,1890,1917.5,1972.5,1925,1995,1995,2100,1995,1962.5,1995
"95816","Sacramento","CA","Sacramento","Sacramento",209,,,,,,,,,,,,,,,,,,,,,,,,,,,,,,,,,,,,,,,,,,,,,,,,,,,,,,,,,,,,,,,,,,,,,,,1125,1295,1195,1022.5,1195,1200,1195,1195,1250,1325,1295,1295,1295,1295,1300,1395
"10038","New York","NY","New York","New York",210,,,,,,2900,2990,3000,2995,3095,3072.5,3100,3010,3050,3000,2992,3020,3032.5,3100,3169,3200,3200,3247,3250,3212.5,3195,3195,3195,3200,3175,3195,3200,3250,3250,3275,3250,3252,3250,3262.5,3210.5,3225,3250,3275,3195,3235,3300,3300,3375,3333,3300,3305,3170,3295,3610,3705,3505,3450,3622.5,3490,3495,3500,3405,3395,3397.5,3375,3350,3395,3387,3525,3490,3457.5,3500,3446,3362.5,3350,3350,3392,3395,3475,3600,3595,3697.5,3600,3525,3485,3525
"33304","Fort Lauderdale","FL","Miami-Fort Lauderdale","Broward",211,,,,,,,,,,,,,,,,,,,,,,,,,,,,,,,,,,,,,,,,,,,,,,,,,,1300,1300,1375,1350,1250,1325,1200,1300,1300,1325,1350,1500,1495,1450,1300,1250,1350,1400,1325,1325,1250,1350,1300,1250,1300,1295,1325,1300,1350,1300,1300,1300,1325,1282.5,1250,1295,1250
"33019","Hollywood","FL","Miami-Fort Lauderdale","Broward",212,,,,,,,,,,,,,,,,,,,,,,,,,,,,,,,,,,,,,,,,,,,,,,,2450,2400,2200,2200,2225,2100,2100,2100,2225,2225,2350,2150,2100,2000,2250,2300,2200,2200,2325,2100,2275,2400,2250,2200,2150,2300,2500,2400,2275,2400,2200,2200,2300,2200,2200,2100,2100,2250,2190,2350
"11228","New York","NY","New York","Kings",213,,,,,,,,,,,,,,,,,,,,,,,,,,,,,1575,1500,1500,1600,1600,1650,1700,1600,1700,1650,1700,1750,1600,1600,1600,1650,1650,1650,1697.5,1700,1700,1750,1850,1800,1850,1800,1850,2000,1900,1995,1900,1850,1925,1850,1975,1975,2000,2050,2000,2000,2100,2000,1925,2050,1900,2125,2200,2225,2100,2200,2200,2200,2197.5,2000,2100,2000,2075,2200
"02143","Somerville","MA","Boston","Middlesex",214,,,,,,,,,,,,,,,,,,,,,,,,,,,,,,,2500,2350,2200,2300,2500,2400,2300,2300,2400,2362.5,2300,2300,2362.5,2300,2450,2400,2350,2325,2300,2295,2300,2249,2300,2550,2600,2700,2600,2600,2500,2400,2350,2250,2200,2275,2300,2600,2600,2800,2700,2500,2700,2800,2587.5,2430,2300,2400,2400,2400,2700,2750,2700,2700,2662.5,2652,2500,2500
"11379","New York","NY","New York","Queens",215,,,,,,,,,,,,,,,,,,,,,,,,,,,,,,,,,,,,,,,,,,,,,,,,,,,,,,,,,,,,,,,,,,,,,,1925,2000,2100,1800,1975,2100,2000,2000,2100,1900,1999,2000,2000,2050,2100,2100,2000
"63118","Saint Louis","MO","St. Louis","Saint Louis City",216,,,,,,,,,,,,,,,,,,,,,,,,,,,,,,,,,,,,,,,,,,,,,,,,,,,,,,,,,,,,,,,,,,,,,,,,,,,600,675,650,685,700,695,695,697.5,700,695,695,700
"60601","Chicago","IL","Chicago","Cook",217,,,,,1646.5,1822,1754,1754,1859,1875,1931,1960,1934,1888,1926,1900,1897.5,1972,2101,1926,1953.5,1958.5,1936,1962,1950,1922.5,1915,1940,1969.5,1988,2065,1970,1950,1950,1920,1950,1954,1934,2000,2075,2037.5,2100,2078,2087.5,2086,2096,2105,2125,2086.5,2125,2027,1967,2215.5,2258,2201.5,2278,2290.5,2219,2108,2299,2504,2380.5,2355,2165,2147,2153,2395.5,2337,2314.5,2296,2378,1958,1956,2120,1966,2016,1953,1990,1980,2012,2075,2169,2199,2165,2090,2025
"02115","Boston","MA","Boston","Suffolk",218,,,,,,,,,,,,,2200,2225,2200,1950,1825,1850,1850,1900,1900,2150,2250,2300,2100,2300,2400,2200,2100,2100,2100,2185.5,2200,2265,2300,2380,2230,2450,2500,2600,2500,2500,2415,2350,2342.5,2330,2345,2350,2400,2400,2400,2400,2400,2400,2400,2350,2355,2400,2415,2450,2425,2450,2415,2475,2400,2400,2395,2389,2407.5,2400,2295,2300,2500,2400,2550,2500,2600,2450,2495,2431,2400,2395,2500,2550,2585,2600
"02145","Somerville","MA","Boston","Middlesex",219,,,,,,,,,,,,,,,,,,,,1672.5,1750,1800,1737.5,1900,1850,1800,1800,1850,1800,2000,1900,1825,1800,1830,1950,1962.5,1900,1950,1899,1800,1800,1850,1900,1900,1997.5,2300,2165,2100,2000,2007.5,2000,2100,2100,2100,2200,2350,2325,2300,2300,2200,2000,2100,2100,2200,2300,2200,2200,2200,2300,2300,2262.5,2500,2400,2250,2250,2250,2100,2200,2300,2600,2575,2600,2500,2500,2450,2350
"10037","New York","NY","New York","New York",220,,,,,,,,,,,,,,1475,1495,1510,1525,1560,1572.5,1550,1550,1785,1822.5,1750,1625,1650,1705,1687.5,1650,1725,1750,1750,1737.5,1725,1750,1725,1725,1749.5,1700,1725,1702,1707,1750,1800,1795,1795,1750,1750,1775,1750,1750,1775,1800,1837.5,1800,1750,1797,1817.5,1897.5,1850,1847.5,1883,1899,1881.5,1850,1875,1935,1906,1965,1900,1950,1800,1955,1950,1915,1950,1950,1911,1887.5,1975,2112.5,2154,2149,2100,2025,1995
"02144","Somerville","MA","Boston","Middlesex",221,,,,,,,,,,,,,,,,,,,,,,,,,,,,2650,2875,2855,2525,2500,2550,2600,2637.5,2700,2600,2450,2400,2400,2300,2300,2407.5,2450,2400,2625,2585,2550,2600,2400,2500,2500,2500,2600,2800,2800,2850,2850,2700,2600,2697.5,2500,2470,2500,2550,2700,2700,2900,2900,2800,2737.5,2762.5,2700,2550,2550,2600,2600,2695,2950,3000,3000,2997.5,2850,2700,2600,2600
"33301","Fort Lauderdale","FL","Miami-Fort Lauderdale","Broward",222,,,,,,,,,,,,,,,,,,,,,,,,,,,,,,,,,,1825,2000,1924.5,1950,1800,1800,1797.5,1750,1700,1662.5,1675,1775,1719,1650,1650,1900,1925,1800,1700,1895,1668,1668,1687.5,1650,1650,1650,1650,1650,1650,1775,1687.5,1700,1687.5,1650,1787.5,1675,1685,1775,1650,1725,1775,1797,1695,1712.5,1775,1825,1801.5,1800,1790,1800,1650,1650,1650
"02478","Belmont","MA","Boston","Middlesex",223,,,,,,,,,,,,,,,,,,,,,,,,,,,,,,,,1800,2000,1900,1900,1900,1900,1850,1850,1950,1950,1800,1874.5,1975,2000,2000,2200,2100,1995,2000,2000,2000,2100,2150,2150,2125,2100,2200,2000,2000,2000,2000,1995,2000,2000,2050,2100,2150,2200,2200,2325,2000,2000,2000,2000,1995,2000,2100,2100,2295,2300,2300,2300,2300,2325,2208
"60642","Chicago","IL","Chicago","Cook",224,,,,,,,,,,,,,,,,,,,,,,,,,,,,,,,,,,,,,,,,,,,,,,,,,,,,,,,,2101.5,2100,2100,1995,2050,2000,2100,2097.5,2050,2250,1995,1800,1850,2100,1950,2100,1900,1950,2135,2000,1968,1895,1800,1750,1824.5,2008.5,2100,2100,2050,2000,2031.5
"02215","Boston","MA","Boston","Suffolk",225,,,,,,,,,,,,,,,,,,,,,,,,,,1750,1800,2000,1900,1795,1800,1800,1795,1775,1800,1825,1837.5,1850,1875,1925,1975,1950,1950,1900,1900,1900,1900,1900,1900,1950,1925,2000,2100,2000,2000,1950,1950,1950,1950,1950,1950,2000,2062.5,2100,2150,2075,2000,2000,1900,1975,1950,1925,1950,1975,1950,2135,2025,1995,2025,1950,1925,1850,2000,2075,2125,2092.5
"02134","Boston","MA","Boston","Suffolk",226,,,,,,,,,,,,,,,,,,,,,,,,,,,,,2200,1850,1825,1800,1800,1895,1895,1962.5,2095,2200,2200,2400,2350,2295,2299,2099,2050,2000,1995,1900,1800,1850,1995,2300,2195,1995,1995,1950,1950,1950,1995,2050,2075,2100,2400,2395,2400,2400,2350,2300,2500,2150,2200,2400,2300,2090,2300,2600,2550,2650,2560,2600,2600,2550,2550,2500,2495,2476
"11361","New York","NY","New York","Queens",227,,,,,,,,,,,,,,,,,,,,,,,,,,,,,,,,,,,1800,1750,1700,1750,1750,1750,1800,1800,1800,1987.5,2050,1850,1950,1900,1900,1900,1950,2000,1980,1950,1965,1965,2000,1950,1900,2000,1995,2000,2000,2047.5,2100,2100,1895,1900,2047.5,2150,1850,1975,1995,1850,2050,1995,1995,2100,2150,2145,2000,2100,2000,2100,1995,2100
"10471","New York","NY","New York","Bronx",228,,,,,,,,,,,,,,,,,,,,,,,,,,,,,,,,,,1750,1999,2030,2197.5,1999,1795,1700,1700,1700,1700,1712.5,1762.5,1830,1850,1900,2003.5,2000,1972.5,1995,1912.5,1895,1762.5,1820.5,1995,1995,2095,1900,2000,2100,2095,1996,1912,1900,1975,1800,2100,1895,2000,2000,2145,2295,2000,1847.5,1800,1872.5,1900,1897.5,1850,1950,1900,1900,1800,1725
"02140","Cambridge","MA","Boston","Middlesex",229,,,,,,,,,,,,,,,,,,,,,,,,,,,2200,2500,2500,2225,2500,2200,2100,2200,2200,2300,2300,2425,2577,2505,2400,2400,2500,2505,2530,2600,2700,2579,2450,2587.5,2400,2500,2600,2547.5,2595,2825,2750,2600,2600,2665,2600,2600,2500,2600,2650,2725,2625,2800,2700,2800,2700,2850,2600,2650,2450,2600,2850,2800,2980,2887.5,2840,2950,2950,2900,2800,2800
"11378","New York","NY","New York","Queens",230,,,,,,,,,,,,,,,,,,,,,,,,,,,,,,,,,,,,,1500,1600,1600,1674,1600,1600,1600,1600,1625,1600,1600,1675,1750,1774.5,1750,1750,1699,1912.5,1825,1800,1800,2000,1900,1862.5,1875,1900,1900,1900,1887.5,1800,2000,2100,2150,1900,2000,2100,1800,2000,2050,2100,2099,2200,2125,2000,2125,2100,2195,2100,2100,2100
"11421","New York","NY","New York","Queens",231,,,,,,,,,,,,,,,,,,,,,,,,,,,,,,,,,,,,,,,,,,,,,,,,,,,,,,,,,,,,,,,,,,,,,,,,,,,1625,1750,1800,1750,1750,1900,1700,1750,1825,1825,1850,1850
"33154","Bal Harbour","FL","Miami-Fort Lauderdale","Miami-Dade",232,,,,,,,,,,,,,,,,,,,,,,,,,,,,,,,,,,,,,,,,,,,,,,,,,,,,,,,,,,,,,,,,,,,,,,,,,,,2800,2450,2300,2300,2225,2400,2487.5,2695,2695,2600,2600,2637.5
"11418","New York","NY","New York","Queens",233,,,,,,,,,,,,,,,,,,,,,,,,,,,,,,,,,,,,,,,,,,,,,,,,,,,,,,,,,,,,,,,,,,,,,,,,,,1600,1700,1697.5,1700,1800,1797.5,1850,1765,1900,1875,1800,1700,1700
"11415","New York","NY","New York","Queens",234,,,,,,,,,,,,,,,,,,,,,,,,,,1600,1550,1550,1550,1525,1528,1500,1550,1550,1650,1650,1650,1625,1650,1650,1650,1650,1675,1675,1650,1650,1700,1692.5,1725,1695,1697.5,1700,1725,1700,1750,1800,1800,1800,1900,1850,1850,1850,1800,1950,1900,1950,1850,1800,1800,1837.5,2000,1800,1900,1995,2000,1900,1850,1800,1850,1825,1825,1800,1900,1862.5,1950,2000
"02445","Brookline","MA","Boston","Norfolk",235,,,,,,,,,,,,,,,,,,,,,,,,,,,2500,2350,2400,2300,2425,2500,2600,2600,2600,2600,2550,2550,2650,2650,2699.5,2700,2650,2650,2650,2600,2600,2500,2462.5,2600,2550,2500,2599.5,2562.5,2700,2699,2600,2600,2585,2595,2595,2550,2595,2600,2800,2800,2900,2650,3000,2850,2597,2825,2600,2600,2694.5,2700,2770,2850,2925,2790,2900,2900,2750,2750,2700,2700
"02114","Boston","MA","Boston","Suffolk",236,,,,,,,,,,,,,,,,2320,2205,2210,1850,1850,1950,2205,2350,2255,2325,2375,2400,2500,2550,2550,2500,2500,2500,2670,2695,2807.5,2800,2800,2712.5,2700,2800,2822.5,2880,2800,2695,2800,2520,2690,2720,2650,2700,2675,2740,2600,2695,2400,2400,2500,2575,2625,2600,2600,2600,2697.5,2700,2700,2700,2900,2800,2800,2750,2600,2700,2700,2597.5,2500,2752.5,2750,2750,2790,2700,2499.5,2700,2700,2600,2500
"60661","Chicago","IL","Chicago","Cook",237,,,,,,,,,,,,,,,,,,,,,,,,,,,,,,2190,2180,2165,2085,2050,2070,2000,2035,1840,2035,2054,2053,1935,1737.5,1634,1713,1789.5,1875.5,1881,1939.5,1796,2051,1950,1955,1958,2017,2050,2047,2079,1995,2184,2280,2276,2166,2264,2121,2094,2035,1995,2040,2020,2051,2047.5,2104.5,2178.5,2051,2100,2075,2047.5,2058,1950,1992.5,2012,2051,2034,2139,2130
"02129","Boston","MA","Boston","Suffolk",238,,,,,,,,,,,,,,,,,,,,,,,,2300,2300,2300,2350,2400,2384.5,2430,2397.5,2720,2849.5,2612.5,2500,2550,2600,2600,2745,2600,2600,2600,2600,2650,2600,2699,2600,2547,2500,2475,2505,2502.5,2505,2555,2800,2600,2650,2717.5,2600,2550,2597.5,2600,2600,2600,2600,2560,2507.5,2467.5,2600,2565,2625,2630,2460,2600,2600,2800,2950,2875,2950,3000,3000,3250,2800,2600,2550,2600
"33129","Miami","FL","Miami-Fort Lauderdale","Miami-Dade",239,,,,,,,,,,,,,,,,,,,,,,,,,,,,,,,,,,,,,,,,,,,,,,,,,,,,,,,,,2402,2514,2452,2400,2509,2402,2514,2375,2350,2350,2375,2350,2350,2050,2385,2175,2325,2300,2500,2450,2150,2450,2300,2400,2500,2500,2500,2500,2400,2300
"33132","Miami","FL","Miami-Fort Lauderdale","Miami-Dade",240,,,,,,,,,,,,,,,,,,,,,,,,,,,,,,,,,,,,,,2499.5,2400,2500,2500,2550,2550,2550,2350,2400,2375,2475,2537.5,2400,2200,2250,2250,2200,2300,2500,2400,2500,2500,2400,2500,2500,2400,2425,2500,2500,2350,2350,2425,2500,2475,2450,2400,2300,2350,2350,2300,2350,2350,2450,2450,2300,2400,2500,2500,2400
"10543","Town of Mamaroneck","NY","New York","Westchester",241,,,,,,,,,,,,,,,,,,,,,,,,,,,,,,,,,,,,,,,,,,,,,,,,,,,,,,,,,,1850,2175,2100,2100,2000,1925,2000,2000,2050,2025,1962.5,2000,1950,2100,1925,1850,2000,2000,1910,2125,2350,2350,2250,2350,2350,2350,2350,2350,2350
"11232","New York","NY","New York","Kings",242,,,,,,,,,,,,,,,,,,,,,1700,1675,1725,1850,1800,1800,1700,1650,1625,1650,1800,1850,1975,1925,1850,1875,1900,1850,1840,1800,1800,1800,1800,1900,1900,1975,1950,1900,1972.5,1975,1975,2000,2300,2100,2000,1937.5,1899,1900,2000,2000,2100,2150,2195,2100,2100,2100,2100,2200,2125,2100,2225,2000,2000,2100,1985,2000,2000,2100,2175,2250,2200,2200,2200,2200,2400,2250
"10805","New Rochelle","NY","New York","Westchester",243,,,,,,,,,,,,,,,,,,,,,,,,,,,,,,,,,,,,,,,,,,,,,,,,,,,,,,,,,,,,,,,,,,,,,,,,,,1792.5,1850,1825,1836,1850,1797,1700,1850,1787.5,1795,1750,1750,1799
"02141","Cambridge","MA","Boston","Middlesex",244,,,,,,,,,,,,,,,,,,,,,,,,,,,,,,,,,,,,,,,,,,,,,,,,,,,,,,,,,,,,,,,,,,,,,,,,,,2500,2500,2500,2600,2750,2800,2700,2633.5,2650,2550,2500,2400,2450
"02467","Brookline","MA","Boston","Norfolk",245,,,,,,,,,,,,,1850,1850,1885,1850,1930,1850,1905,1870,1885,1885,1920,1947.5,2020,2027.5,1945,1955,2060,2065,2100,2067.5,2035,2042.5,2095,2105,2125,2095,2100,2145,2140,2155,2185,2240,2200,2270,2300,2250,2245,2250,2270,2260,2220,2255,2300,2287.5,2300,2300,2305,2312.5,2310,2365,2355,2370,2340,2340,2357.5,2360,2340,2340,2535,2420,2425,2470,2400,2510,2510,2600,2515,2700,2705,2520,2600,2625,2550,2690
"10018","New York","NY","New York","New York",246,,,,,,,,,,,,,,,,,,3225,3292,3250,3280,3297.5,3295,3369,3350,3392,3320,3250,3290,3300,3338,3320,3390,3350,3380,3400,3360,3300,3300,3300,3300,3300,3320,3400,3454,3450,3475,3475,3452.5,3495,3462.5,3550,3700,3635,3617.5,3595,3595,3670,3640,3620,3595,3525,3450,3435,3420,3485,3417.5,3595,3430,3450,3495,3495,3450,3500,3588,3479,3470,3495,3400,3392.5,3368,3395,3695,3672.5,3592.5,3561
"10005","New York","NY","New York","New York",247,,,,,,,,,,,,,,3297.5,3250,3295,3436,3397.5,3364,3436,3500,3500,3445,3395,3470.5,3400,3322.5,3350,3300,3225,3250,3207.5,3240,3275,3295,3400,3487.5,3405,3450,3400,3392.5,3395,3395,3350,3500,3500,3400,3450,3490,3495,3495,3395,3450.5,3595,3891.5,3495,3550,3425,3410,3450,3395,3407.5,3300,3275,3275,3352.5,3494,3402,3514,3375,3429,3412,3522,3369.5,3285,3250,3318,3335,3351,3563,3620,3790,3700,3595,3697.5,3492.5
"10280","New York","NY","New York","New York",248,,,,,,,,,,,,,,,,,,,,,,,,,,,,,,,,,,,,,,,,,,,,,,,,,,,,,,,,,,,,,,,,,,,,,,3250,3401,3242.5,3370,3415,3075,3195,3197.5,3132.5,3300,3495,3402.5,3500,3550,3400,3338.5,3210
"10528","Harrison","NY","New York","Westchester",249,,,,,,,,,,,,,,,,,,,,,,,,,,,,,,,,,,,,,,,,,,,,,,,,,,,,,,,,,,,,,,,,,,,,,,,,,,,2095,2200,2200,2287.5,2450,2225,2425,2350,2450,2662.5,2500,2300
"02113","Boston","MA","Boston","Suffolk",250,,,,,,,,,,,,,,,,2400,2387.5,2200,2300,2400,2350,2347.5,2395,2400,2400,2425,2472.5,2400,2250,2400,2400,2550,2400,2400,2425,2600,2495,2497.5,2400,2400,2350,2400,2400,2400,2400,2400,2500,2400,2400,2400,2490,2500,2500,2595,2500,2500,2500,2500,2500,2400,2300,2300,2400,2400,2400,2500,2500,2500,2525,2500,2425,2550,2450,2600,2300,2500,2500,2650,2700,2675,2600,2687.5,2700,2600,2600,2600
"02111","Boston","MA","Boston","Suffolk",251,,,,,,,,,,,,,,,,,,,,,,,,,,,,,,,,,,,,,,,,,,,,,,,,,,,,,,,,,,,,,,,,,,,,,,,,,2887.5,2912.5,3300,3300,3300,2975,3149,3200,3200,3124.5,3150,3046,3000,3100
"11109","New York","NY","New York","New York",252,,,,,,,,,,2647.5,2675,2750,2642.5,2720,2675,2625,2730,2650,2687.5,2805,2860,2880,2820,2795,2825,2880,2800,2800,2900,2935,2880,2925,2900,2897.5,2850,2827.5,2850,2905,2895,2912.5,2920,2945,2900,2870,2825,2847.5,2892.5,3065,3095,3100,3150,3110,3295,3190,3087.5,3077.5,3097.5,3150,3125,3150,3100,3035.5,3045,3045,3235,3200,3195,3120,3300,3100,3195,3177.5,3220,2995,3300,3295,3350,3375,3395,3300,3350,3425,3347.5,3340,3205,3010
"60606","Chicago","IL","Chicago","Cook",253,,,,,,,,,,,,,,,,,,,,,,,,,,,,,,,,,,,,,,,,,,,,,,,,,,,,,,,,,,,,,,,,,,,,,,,,,1900.5,1900,1887,1901,1967.5,1999,1900.5,1940,1981,1950,1990.5,1958,2050,2039.5
"10006","New York","NY","New York","New York",254,,,,,,2785,2825,2792.5,2850,2780,2725,2785,2800,2845,2800,2799.5,2880,2900,2925,2900,2975,2995,3025,3072.5,3000,3062.5,2995,2950,2905,2950,2850,2975,2995,2995,2995,3000,3000,2995,3000,3000,3000,3002.5,2995,2950,2950,3200,3195,3200,3200,3200,3200,3145,3295,3352.5,3352.5,3355,3295,3340,3340,3355,3397.5,3400,3338,3295,3362.5,3448,3390,3350,3485,3390,3370,3362.5,3400,3350,3346,3377.5,3495,3500,3650,3500,3500,3700,3850,3695,3500,3595
"02109","Boston","MA","Boston","Suffolk",255,,,,,,,,,,,,,,,,,,,,,,,,,,,,,,,,,,,,,,,,,,,,,,,,,,,,,,,,,,,,,,,,,,,,,,,,,,,2965,2700,2700,2700,2700,2800,2700,2775,2850,2900,2980,2880
